"idCOLABORADOR";"FUNCAO_idFUNCAO";"NOME";"MATRICULA"
1;1;"AARÃO DÍAZ";10000
2;2;"AARÃO FIGUEROA";10001
3;3;"AARÃO GUILHEIRO";10002
4;4;"ABEL CASTILLO";10003
5;5;"ABEL CRUZ";10004
6;6;"ABIGAIL SILVERA";10005
7;7;"ABÍLIO ANJOS";10006
8;8;"ACACIO AMORÍN";10007
9;9;"ACACIO LEMES";10008
10;10;"ADALBERTO PARANAGUÁ";10009
11;11;"ADELAIDE CISNEIROS";10010
12;12;"ADELAIDE PORCIÚNCULA";10011
13;13;"ADELAIDE RODRÍGUEZ";10012
14;14;"ADELAIDE SANT'ANNA";10013
15;15;"ADELINA CABEZA DE VACA";10014
16;16;"ADOLFO GOIS";10015
17;17;"ADOSINDO MOURA";10016
18;18;"ADOSINDO NASCIMENTO";10017
19;19;"ADRIANA BERNÁRDEZ";10018
20;20;"ADRIANA CARDIM";10019
21;21;"ADRIANA PEQUENO";10020
22;22;"ADRIANA QUINTANILHA";10021
23;23;"ADÃO NOVALLES";10022
24;24;"ADÃO ONOFRE";10023
25;25;"ADÉLIA AYRES";10024
26;26;"ADÉLIA BRASIL";10025
27;27;"ADÉLIA GONSALVES";10026
28;28;"ADÉLIA VERGUEIRO";10027
29;29;"ADÉLIO FURTADO";10028
30;30;"ADÉLIO GABEIRA";10029
31;31;"ADÉLIO QUERINO";10030
32;32;"ADÉRITO BLANCO";10031
33;33;"ADÉRITO MAINHA";10032
34;34;"ADÉRITO VASCONCELOS";10033
35;35;"AFONSO FUENTES";10034
36;36;"AFONSO TRINIDAD";10035
37;37;"AGOSTINHO CARDIM";10036
38;38;"AGOSTINHO COIMBRA";10037
39;39;"AGOSTINHO FIDALGO";10038
40;40;"AGOSTINHO SINTRA";10039
41;41;"AGOSTINHO SOTO";10040
42;42;"AGUINALDO LIRA";10041
43;43;"AIDA ABRANCHES";10042
44;44;"AIDA CASQUERO";10043
45;45;"AIDA PERDIGÓN";10044
46;46;"AIRES MARREIRO";10045
47;47;"AIRES PADILHA";10046
48;48;"ALARICO BARROQUEIRO";10047
49;49;"ALARICO CAMELO";10048
50;50;"ALARICO FRANCA";10049
51;51;"ALARICO LOPES";10050
52;52;"ALARICO VILAS BOAS";10051
53;53;"ALBERTA CAMACHO";10052
54;54;"ALBERTA MADUREIRA";10053
55;55;"ALBERTA OCHOA";10054
56;56;"ALBERTO GUTERRES";10055
57;57;"ALBERTO MENA";10056
58;58;"ALBERTO PERALTA";10057
59;59;"ALBERTO THAMILY";10058
60;60;"ALBERTO VÁZQUEZ";10059
61;61;"ALBINO LESSA";10060
62;62;"ALBINO MARTINHO";10061
63;63;"ALBINO VIVEIROS";10062
64;64;"ALCESTE BARROSO";10063
65;64;"ALCESTE CARTAXO";10064
66;42;"ALCESTE MASCARENHAS";10065
67;43;"ALCESTE TOSCANO";10066
68;44;"ALCIDES GOUVÊA";10067
69;45;"ALDA FRAGA";10068
70;46;"ALDO ONOFRE";10069
71;47;"ALDONÇA CARDOZO";10070
72;48;"ALDONÇA MARROQUIM";10071
73;49;"ALDONÇA OLIVEIRA";10072
74;50;"ALEIXO BEIRIZ";10073
75;51;"ALEXANDRA IPANEMA";10074
76;52;"ALEXANDRA NATAL";10075
77;53;"ALEXANDRE MARINO";10076
78;29;"ALFREDO ALBURQUERQUE";10077
79;30;"ALFREDO ULLOA";10078
80;31;"ALICE BECERRA";10079
81;32;"ALICE GONSALVES";10080
82;33;"ALINE PAULA";10081
83;34;"ALINE PAZ";10082
84;35;"ALINE SILVEIRA DOS AÇORES";10083
85;36;"ALINE TRISTÃO";10084
86;1;"ALMENO COLLAÇO";10085
87;2;"ALMERINDA OLAIO";10086
88;3;"ALUÍSIO BENEVIDES";10087
89;4;"ALUÍSIO CAPISTRANO";10088
90;5;"ALUÍSIO FAGUNDES";10089
91;6;"ALUÍSIO MOREYRA";10090
92;7;"ALUÍSIO SOARES";10091
93;8;"ALVITO FERNÁNDEZ";10092
94;9;"ALVITO FRANCO";10093
95;10;"ALVITO MEIRELLES";10094
96;11;"ALVITO TORQUATO";10095
97;12;"ALZIRA BRASIL";10096
98;13;"ALZIRA INÁCIO";10097
99;14;"ALZIRA MENDONÇA";10098
100;15;"ALÍPIO ROSA";10099
101;16;"AMADEU VARÃO";10100
102;17;"AMANDA LAGOA";10101
103;18;"AMANDA MALTA";10102
104;19;"AMANDA SILVEIRA DOS AÇORES";10103
105;20;"AMÁLIA DAMASCENO";10104
106;21;"AMÁLIA DAMAZIO";10105
107;22;"AMÁLIA MARINO";10106
108;18;"AMÁLIA SANTANA";10107
109;19;"AMÁLIA TABALIPA";10108
110;20;"AMÉLIA CAVADAS";10109
111;21;"AMÉLIA MARIZ";10110
112;22;"AMÉLIA REBELO";10111
113;23;"AMÍLCAR BICUDO";10112
114;24;"AMÍLCAR IPANEMA";10113
115;25;"ANA CABRAL";10114
116;26;"ANA MATOS";10115
117;27;"ANA RODRIGUES";10116
118;28;"ANA SÁNCHEZ";10117
119;29;"ANA VALE";10118
120;30;"ANABELA GOULART";10119
121;31;"ANABELA GRANDE";10120
122;32;"ANABELA JURUNA";10121
123;33;"ANABELA LAMEGO";10122
124;34;"ANACLETO DAMAZIO";10123
125;18;"ANACLETO NIEVES";10124
126;19;"ANDREIA OTERO";10125
127;20;"ANDREOLETO LEÃO";10126
128;21;"ANDREOLETO MEIRA";10127
129;22;"ANDREOLETO VILA-CHÃ";10128
130;23;"ANDRÉ LIRA";10129
131;24;"ANDRÉ SOEIRO";10130
132;25;"ANGELINA CORREIA";10131
133;26;"ANGELINA ISLA";10132
134;27;"ANGELINA TAPEREBÁ";10133
135;28;"ANGÉLICA SEVERO";10134
136;29;"ANGÉLICO FAGUNDES";10135
137;30;"ANGÉLICO GODOI";10136
138;31;"ANHANGÜERA BARROCAS";10137
139;32;"ANIANA CAFÉ";10138
140;33;"ANIANO REIS";10139
141;34;"ANIND BRASIL";10140
142;18;"ANIND CARROMEU";10141
143;19;"ANIND SOEIRO";10142
144;20;"ANIND TRINIDAD";10143
145;21;"ANITA ALBERNAZ";10144
146;22;"ANNA CARIJÓ";10145
147;23;"ANNA GORJÃO";10146
148;24;"ANNA MATTOS";10147
149;25;"ANSELMO ACUÑA";10148
150;26;"ANSELMO GARCÍA";10149
151;27;"ANTONIETA BARATA";10150
152;28;"ANTONIETA DINIZ";10151
153;29;"ANTONIETA PASTANA";10152
154;30;"ANTONIETA ROSÁRIO";10153
155;31;"ANTÃO PINTO";10154
156;32;"ANTÓNIA GUEDES";10155
157;33;"ANTÓNIA MASCAREÑAS";10156
158;34;"ANTÓNIA VENTURA";10157
159;20;"ANTÓNIO QUINTERO";10158
160;21;"ANTÓNIO VARELA";10159
161;22;"ANTÔNIA COVILHÃ";10160
162;18;"ANTÔNIA CYSNEIROS";10161
163;19;"ANTÔNIA SILVA";10162
164;20;"ANTÔNIO COTEGIPE";10163
165;21;"ANTÔNIO FROTA";10164
166;22;"ANTÔNIO SOUZA";10165
167;23;"ANÍBAL BAHÍA";10166
168;24;"ANÍBAL CASTILHOS";10167
169;25;"ANÍBAL ESCOBAR";10168
170;26;"ANÍBAL LEIRIA";10169
171;27;"APOENA ESCOBAR";10170
172;28;"APOENA PAULA";10171
173;29;"APOENA QUERINO";10172
174;30;"APUÃ AVELAR";10173
175;31;"APUÃ ESPARGOSA";10174
176;32;"APUÃ VIEYRA";10175
177;33;"ARACHANE ORRIÇA";10176
178;34;"ARACHANE PARDO";10177
179;18;"ARACHANE VIÉGAS";10178
180;19;"ARACI DINIS";10179
181;20;"ARARIBÓIA ESPARTEIRO";10180
182;21;"ARARIBÓIA LOSADA";10181
183;22;"ARARIBÓIA PINHEIRO";10182
184;23;"ARCIDRES AMARO";10183
185;24;"ARCIDRES REBELLO";10184
186;25;"ARCIDRES SUAÇUNA";10185
187;26;"ARCIDRES VILAS-BOAS";10186
188;27;"ARMANDO IPANEMA";10187
189;28;"ARMINDA MENDOÇA";10188
190;29;"ARMINDA MUNIZ";10189
191;30;"ARMINDA PESTANA";10190
192;31;"ARMINDA RORIZ";10191
193;32;"ARMINDA VAREJÃO";10192
194;33;"ARMINDO CANEJO";10193
195;34;"ARMINDO HOLLANDA";10194
196;18;"ARNALDO COELHO";10195
197;19;"ARNALDO VIERA";10196
198;20;"ARTUR CARRILHO";10197
199;21;"ARTUR SALOMÃO";10198
200;22;"ARTUR SILVESTRE";10199
201;23;"ASI CHÁVEZ";10200
202;24;"ASI PAIVA";10201
203;25;"ASTOLFO ESPÍRITO SANTO";10202
204;26;"ASTOLFO LAMPREIA";10203
205;27;"AUGUSTO COITINHO";10204
206;28;"AUGUSTO GUEDES";10205
207;29;"AUGUSTO SABALA";10206
208;30;"AURORA BARATA";10207
209;31;"AURORA GUERRERO";10208
210;32;"AURORA RANGEL";10209
211;33;"AURORA RUELA";10210
212;34;"AURORA TAVARES";10211
213;20;"AURÉLIA CEZIMBRA";10212
214;21;"AURÉLIO ARRUDA";10213
215;22;"AURÉLIO BEIRIZ";10214
216;18;"AURÉLIO MAIOR";10215
217;19;"AURÉLIO VARGAS";10216
218;20;"AURÉLIO VILAR";10217
219;21;"BALDUÍNO COUTO";10218
220;22;"BALDUÍNO NORONHA";10219
221;23;"BALTASAR PACHECO";10220
222;24;"BALTASAR SARMENTO";10221
223;25;"BALTASAR VILLAR";10222
224;26;"BARTIRA ALVIM";10223
225;27;"BARTIRA COTRIM";10224
226;28;"BARTIRA VERGUERO";10225
227;29;"BARTOLOMEU CAMELLO";10226
228;30;"BEATRIZ CARNEIRO";10227
229;31;"BELCHIOR CARRASCO";10228
230;32;"BELMIFER BICALHO";10229
231;33;"BELMIFER SARAÍBA";10230
232;34;"BELMIRA TABOSA";10231
233;18;"BELMIRO LAMEIRINHAS";10232
234;19;"BENEDITA MALHEIROS";10233
235;20;"BENEDITO CAPANEMA";10234
236;21;"BENEDITO MANSILLA";10235
237;22;"BENTO CIDREIRA";10236
238;23;"BENTO MARAÑÓN";10237
239;24;"BERENGÁRIA HOLANDA";10238
240;25;"BERENGÁRIA SESIMBRA";10239
241;26;"BERENGÁRIO ÁGUEDA";10240
242;27;"BERNARDETE FROES";10241
243;28;"BERNARDETE OLIVARES";10242
244;29;"BERNARDINA GARCÉS";10243
245;30;"BERNARDINA HIDALGO";10244
246;31;"BERNARDINO CHAVES";10245
247;32;"BERNARDINO CONDE";10246
248;33;"BERNARDINO LINARES";10247
249;34;"BERNARDINO MORERA";10248
250;18;"BERNARDINO VIDIGAL";10249
251;19;"BERNARDINO VIÉGAS";10250
252;20;"BERNARDO AMARO";10251
253;21;"BERNARDO GOMES";10252
254;22;"BERNARDO MARQUES";10253
255;23;"BERNARDO QUINTELA";10254
256;24;"BERNARDO TELLES";10255
257;25;"BIBIANA CARQUEIJEIRO";10256
258;26;"BIBIANA CERVEIRA";10257
259;27;"BLASCO ALBUQUERQUE";10258
260;28;"BOAVENTURA MONTEIRO";10259
261;29;"BRANCA CAMACHO";10260
262;30;"BRANCA CARDIN";10261
263;31;"BRANCA DÂMASO";10262
264;32;"BRANCA FERREIRA";10263
265;33;"BRENDA BRÁS";10264
266;34;"BRENDA CYRNE";10265
267;61;"BRENDA VICARIO";10266
268;62;"BRITES COUTO";10267
269;63;"BRITES MOTTA";10268
270;64;"BRITES ULHOA";10269
271;64;"BRUNA FERNANDES";10270
272;42;"BRUNA RUFINO";10271
273;43;"BRUNO FIALHO";10272
274;44;"BRUNO THOMÉ";10273
275;45;"BRUNO VIERA";10274
276;46;"BRÁS BERNÁRDEZ";10275
277;47;"BRÁS BRITES";10276
278;48;"BRÁS CUNHA";10277
279;49;"BRÁS GOMIDE";10278
280;50;"BRÁULIO TRINIDAD";10279
281;51;"BRÍGIDA BRUM";10280
282;52;"BUKAKE ANDRADE";10281
283;53;"BUKAKE PRADO";10282
284;29;"BURTIRA PARAFITA";10283
285;30;"BURTIRA PEROBA";10284
286;31;"BÁRBARA BETHANCOUT";10285
287;32;"BÁRBARA GIL";10286
288;33;"BÁRBARA VILARIÇA";10287
289;34;"BÁRBARA XIMENES";10288
290;35;"CAETANA CYRNE";10289
291;36;"CAETANO GOUVÊA";10290
292;1;"CAETANO PENHA";10291
293;2;"CAETANO RABELLO";10292
294;3;"CAIO GOIS";10293
295;4;"CAIO GUARÁ";10294
296;5;"CAIO SOUZA";10295
297;6;"CALISTO GONSALVES";10296
298;7;"CAMILA POÇAS";10297
299;8;"CAMILO LAUREANO";10298
300;9;"CAMILO REMÍGIO";10299
301;10;"CAPITOLINA ABRANTES";10300
302;11;"CAPITOLINA MIERA";10301
303;12;"CAPITOLINA REGUEIRA";10302
304;13;"CAPITOLINO CARVALHAL";10303
305;14;"CAPITOLINO GRILO";10304
306;15;"CAPITOLINO VARANDA";10305
307;16;"CARINA FORTUNATO";10306
308;17;"CARINA HIPÓLITO";10307
309;18;"CARINA SARDINHA";10308
310;19;"CARLA GASPAR";10309
311;20;"CARLA LAMEIRAS";10310
312;21;"CARLA LOSADA";10311
313;22;"CARLA MONFORTE";10312
314;23;"CARLA TUPINAMBÁ";10313
315;24;"CARLA VILLAS BÔAS";10314
316;25;"CARLOS DIEGUES";10315
317;26;"CARLOS EIRÓ";10316
318;27;"CARLOS GAMA";10317
319;28;"CARLOS PEDROZO";10318
320;29;"CARLOS ROBALINHO";10319
321;30;"CARLOTA VÁZQUEZ";10320
322;31;"CARMEM COELLO";10321
323;32;"CARMEM VILLANUEVA";10322
324;33;"CARMINDA CALHEIROS";10323
325;34;"CARMINDA IPIRANGA";10324
326;35;"CARMINDA OURIQUE";10325
327;36;"CAROLINA BELCHIOR";10326
328;37;"CAROLINA CAIRU";10327
329;38;"CAROLINA MONTEIRO";10328
330;39;"CASIMIRO MANSO";10329
331;40;"CASSANDRA RIBAS";10330
332;41;"CATARINA CARVALHAL";10331
333;42;"CATARINA GUARACIABA";10332
334;43;"CATARINA VILARINHO";10333
335;44;"CATARINO CASQUERO";10334
336;45;"CATARINO OLIVEIRA";10335
337;46;"CATARINO PAZ";10336
338;47;"CATARINO PELÁEZ";10337
339;48;"CATARINO TRINDADE";10338
340;49;"CATARINO ULHOA";10339
341;50;"CAUBI BEZERRIL";10340
342;51;"CAUBI CANELA";10341
343;52;"CAUBI FARO";10342
344;53;"CAUBI SALOIO";10343
345;54;"CAUBI SILVEIRA DOS AÇORES";10344
346;55;"CAUBI TABORDA";10345
347;56;"CAUÃ VALGUEIRO";10346
348;57;"CAUÊ BAÍA";10347
349;58;"CAUÊ PRATES";10348
350;59;"CAÍM GARCÉS";10349
351;60;"CAÍM MAFRA";10350
352;61;"CELESTE ONOFRE";10351
353;62;"CELESTINO CACHOEIRA";10352
354;63;"CELESTINO TELES";10353
355;64;"CELINA MATOSO";10354
356;64;"CELINA PÓVOAS";10355
357;42;"CELINA QUENTAL";10356
358;43;"CELSO BARATA";10357
359;44;"CESÁRIO CANADAS";10358
360;45;"CESÁRIO FERRAZ";10359
361;46;"CESÁRIO GALVÁN";10360
362;47;"CID MATOSO";10361
363;48;"CIDÁLIA SOBREIRA";10362
364;49;"CLARINDO GUTIÉRREZ";10363
365;50;"CLARINDO LAMPREIA";10364
366;51;"CLARISSE GARRAU";10365
367;52;"CLARISSE HILÁRIO";10366
368;53;"CLARISSE REIS";10367
369;29;"CLAUDEMIRA BOGADO";10368
370;30;"CLAUDEMIRA FELIPE";10369
371;31;"CLAUDEMIRO FURTADO";10370
372;32;"CLAUDEMIRO PESSANHA";10371
373;33;"CLEITON BLANCO";10372
374;34;"CLEITON ROSÁRIO";10373
375;35;"CLEITON VIÉGAS";10374
376;36;"CLEUSA NEGREIROS";10375
377;1;"CLÁUDIA GRANJA";10376
378;2;"CLÁUDIA MOURATO";10377
379;3;"CLÁUDIA PEIXOTO";10378
380;4;"CLÁUDIA TAPEREBÁ";10379
381;5;"CLÁUDIO TAVEIRA";10380
382;6;"CLÓVIS ALCÁNTARA";10381
383;7;"COLLIN ALBUQUERQUE";10382
384;8;"COLLIN BARANDA";10383
385;9;"COLLIN FÉLIX";10384
386;10;"COLLIN REGO";10385
387;11;"COMECUS FONSECA";10386
388;12;"COMECUS GODÓI";10387
389;13;"COMECUS PALHARES";10388
390;14;"CONCEIÇÃO ARARIPE";10389
391;15;"CONCEIÇÃO PASSARINHO";10390
392;16;"CONRADO CAMPELO";10391
393;17;"CONRADO MORA";10392
394;18;"CONSTANTINO XAVIER";10393
395;19;"CORA CABRAL";10394
396;20;"CORA SABROSA";10395
397;21;"CORINA TEVES";10396
398;22;"COSME SUÁREZ";10397
399;18;"COSPERRANHO FREITAS";10398
400;19;"COSPERRANHO GUARÁ";10399
401;20;"COSPERRANHO GUEDEZ";10400
402;21;"COSPERRANHO IPANEMA";10401
403;22;"COSPERRANHO MEDEIROS";10402
404;23;"COSPERRANHO PAVÍA";10403
405;24;"CRISPIM PRADO";10404
406;25;"CRISPIM TELES";10405
407;26;"CRISPIM VALLADARES";10406
408;27;"CRISTIANA BETANCOUR";10407
409;28;"CRISTIANA PAZ";10408
410;29;"CRISTIANA RIBEIRO";10409
411;30;"CRISTIANA SIMÕES";10410
412;31;"CRISTIANA TEMES";10411
413;32;"CRISTIANO BRIÓN";10412
414;33;"CRISTIANO CYRNE";10413
415;34;"CRISTIANO ESPARTEIRO";10414
416;18;"CRISTIANO FERREYRA";10415
417;19;"CRISTIANO GALANTE";10416
418;20;"CRISTIANO PASSOS";10417
419;21;"CRISTÓVÃO BRUM";10418
420;22;"CRISTÓVÃO CASTELO";10419
421;23;"CRISTÓVÃO LEÃO";10420
422;24;"CUSTÓDIO JORGE";10421
423;25;"CUSTÓDIO ROSARIO";10422
424;26;"CUSTÓDIO VIANNA";10423
425;27;"CÁSSIA ABREU";10424
426;28;"CÁSSIA CARDOZO";10425
427;29;"CÁSSIA MAINHA";10426
428;30;"CÁSSIA MENDOÇA";10427
429;31;"CÁSSIO BONILHA";10428
430;32;"CÁSSIO GOUVEIA";10429
431;33;"CÁSSIO VALENTE";10430
432;34;"CÁTIA BIVAR";10431
433;18;"CÂNDIDA LOPES";10432
434;19;"CÂNDIDO ATAÍDE";10433
435;20;"CÉLIA CAIAPÓ";10434
436;21;"CÉSAR TAVEIRA";10435
437;22;"CÉSAR ZALAZAR";10436
438;23;"DALILA GENTIL";10437
439;24;"DALILA PINHO";10438
440;25;"DALILA SOEIRO";10439
441;26;"DALILA SOTO MAYOR";10440
442;27;"DAMIÃO BENSAÚDE";10441
443;28;"DAMIÃO LEITE";10442
444;29;"DANIEL COLARES";10443
445;30;"DANIEL GONZÁLEZ";10444
446;31;"DANIELA AROUCA";10445
447;32;"DANILO CARVALHAIS";10446
448;33;"DANILO PITANGA";10447
449;34;"DAVID BENSAÚDE";10448
450;20;"DAVID PÊCEGO";10449
451;21;"DAVIDE BRANDÃO";10450
452;22;"DAVIDE GALLINDO";10451
453;18;"DAVIDE VIANNA";10452
454;19;"DEISE MEDEIROS";10453
455;20;"DELFIM CARVALHOSO";10454
456;21;"DELFIM OSÓRIO";10455
457;22;"DELFIM SIMÕES";10456
458;23;"DELFINA DAMAZIO";10457
459;24;"DENISE ALVES";10458
460;25;"DENISE CAPISTRANO";10459
461;26;"DENISE COTRIM";10460
462;27;"DENISE INFANTE";10461
463;28;"DENISE PAREDES";10462
464;29;"DENISE PENA";10463
465;30;"DEOLINDO CEZIMBRA";10464
466;31;"DERLI AMARO";10465
467;32;"DIAMANTINO AVELAR";10466
468;33;"DIAMANTINO BENAVIDES";10467
469;34;"DIAMANTINO MORAES";10468
470;18;"DIANA CARNEIRO";10469
471;19;"DIANA FRAGOSO";10470
472;20;"DIANA GOUVÊA";10471
473;21;"DIANA PUERTO";10472
474;22;"DIANA VILLAS BÔAS";10473
475;23;"DINA ANTAS";10474
476;24;"DINA SANTOS";10475
477;25;"DINA SUÁREZ";10476
478;26;"DINARTE PEDROSO";10477
479;27;"DINARTE RIOS";10478
480;28;"DINARTE VILARINHO";10479
481;29;"DINO PERES";10480
482;30;"DINO PORTELA";10481
483;31;"DINO REMÍGIO";10482
484;32;"DINO SANTIAGO";10483
485;33;"DINO ULLOA";10484
486;34;"DINO VIEIRA";10485
487;18;"DIODETE DOMÍNGUEZ";10486
488;19;"DIODETE IGREJAS";10487
489;20;"DIOGO BARATEIRO";10488
490;21;"DIOGO HIGUERA";10489
491;22;"DIOGO VALENTIM";10490
492;23;"DIRCEU ALANCASTRE";10491
493;24;"DIRCEU BELCHIORINHO";10492
494;25;"DIRCEU LENCASTRE";10493
495;26;"DIRCEU PITANGA";10494
496;27;"DIRCEU ÁGUEDA";10495
497;28;"DIÓGENES ARANTES";10496
498;29;"DIÓGENES TEVES";10497
499;30;"DIÓGENES TRINIDAD";10498
500;31;"DOMINGAS BECERRA";10499
501;32;"DOMINGOS FELGUEIRAS";10500
502;33;"DOMINGOS GALINDO";10501
503;34;"DONATA FARO";10502
504;20;"DONATA RAMOS";10503
505;21;"DONATA VIVEROS";10504
506;22;"DONATO ANDRADE";10505
507;18;"DONATO FERRERA";10506
508;19;"DORA CARDOSO";10507
509;20;"DORA PEGADO";10508
510;21;"DORA RUELA";10509
511;22;"DORINDO DURÁN";10510
512;23;"DOROTEIA CORTEZ";10511
513;24;"DULCE ESTRADA";10512
514;25;"DÁLIA HERRERA";10513
515;26;"DÁLIA JORGE";10514
516;27;"DÁLIA ORNELLAS";10515
517;28;"DÉBORA ESPARTEIRO";10516
518;29;"DÉBORA FRANCO";10517
519;30;"DÉLIA CRUZ";10518
520;31;"DÉLIA RIJO";10519
521;32;"DÉLIA RIOS";10520
522;33;"DÉLIO ABREU";10521
523;34;"DÉLIO CABEÇA DE VACA";10522
524;18;"DÉLIO LEITÃO";10523
525;19;"EDGAR ALMEIDA";10524
526;20;"EDGAR FIESTAS";10525
527;21;"EDGAR MIRANDA";10526
528;22;"EDMUNDO AZEREDO";10527
529;23;"EDMUNDO LESSA";10528
530;24;"EDUARDA CAMACHO";10529
531;25;"EDUARDA MATOSO";10530
532;26;"EDUARDO CORDEIRO";10531
533;27;"EGAS BULHÕES";10532
534;28;"EGAS PUENTES";10533
535;29;"EGAS VALLADARES";10534
536;30;"ELBA PRATES";10535
537;31;"ELBA VILLÉGAS";10536
538;32;"ELIA CAPISTRANO";10537
539;33;"ELIA ESPARTEIRO";10538
540;34;"ELIA MILHEIRO";10539
541;18;"ELIA TOLEDO";10540
542;19;"ELIAS LAGOA";10541
543;20;"ELIAS LOZADA";10542
544;21;"ELISABETE GODINHO";10543
545;22;"ELISABETE MACIEL";10544
546;23;"ELISEU GOUVEIA";10545
547;24;"ELISEU QUENTAL";10546
548;25;"ELOI PARI";10547
549;26;"ELSA LOUZADA";10548
550;27;"ELVIRA ARANHA";10549
551;28;"ELVIRA BARROSO";10550
552;29;"ELVIRA CORDEIRO";10551
553;30;"ELVIRA FIGUEROA";10552
554;31;"ELVIRA QUINTANILHA";10553
555;32;"ELVIRA SILVA";10554
556;33;"ELÁDIO CARTAXO";10555
557;34;"ELÁDIO GABEIRA";10556
558;61;"ELÁDIO GOIS";10557
559;62;"ELÁDIO GUSMÃO";10558
560;63;"ELÁDIO PAIXÃO";10559
561;64;"ELÁDIO ROSMANINHO";10560
562;64;"EMA PENTEADO";10561
563;42;"EMANUEL ALBUQUERQUE";10562
564;43;"EMANUEL BARBOZA";10563
565;44;"EMANUEL BEZERRIL";10564
566;45;"EMANUEL SARAIVA";10565
567;46;"EMANUELA BELMONTE";10566
568;47;"EMILIANA ALENCASTRE";10567
569;48;"EMILIANA DÍAZ";10568
570;49;"EMILIANA FIESTAS";10569
571;50;"EMILIANA REBOUÇAS";10570
572;51;"EMILIANA SOUSA DE ARRONCHES";10571
573;52;"EMILIANA VELEDA";10572
574;53;"EMILIANO QUEIROGA";10573
575;29;"EMÍDIO ALCAIDE";10574
576;30;"EMÍDIO NEGROMONTE";10575
577;31;"EMÍDIO VALADARES";10576
578;32;"EMÍLIA BARCELLOS";10577
579;33;"EMÍLIA GODÓI";10578
580;34;"EMÍLIO AZENHA";10579
581;35;"EMÍLIO ESCOBAR";10580
582;36;"ENILDA CANADAS";10581
583;1;"ENILDA DOMÍNGUEZ";10582
584;2;"ENILDA SUCUPIRA";10583
585;3;"ENILDA TRAVASSOS";10584
586;4;"EPAMINONDAS MOITA";10585
587;5;"EPAMINONDAS QUEIROGA";10586
588;6;"EPIFÂNIA FIÃES";10587
589;7;"EPIFÂNIA MONTEIRO";10588
590;8;"EPIFÂNIA VILLAS BOAS";10589
591;9;"ERMELINDA FREIXO";10590
592;10;"ERMELINDA MIEIRO";10591
593;11;"ERNESTO ARANHA";10592
594;12;"ERNESTO CAPUCHO";10593
595;13;"ERNESTO VALADÃO";10594
596;14;"ESPERANÇA BRASIL";10595
597;15;"ESPERANÇA QUINTÃO";10596
598;16;"ESPERANÇA ROSARIO";10597
599;17;"ESTANISLAU CASADO";10598
600;18;"ESTANISLAU ISLA";10599
601;19;"ESTANISLAU PAIVA";10600
602;20;"ESTANISLAU REBELLO";10601
603;21;"ESTEFÂNIA CAIRES";10602
604;22;"ESTEFÂNIA CISNEIROS";10603
605;23;"ESTEFÂNIA PARANHOS";10604
606;24;"ESTEFÂNIA SOTO MAYOR";10605
607;25;"ESTEFÂNIA SOTO MAYOR";10606
608;26;"ESTELA AFONSO";10607
609;27;"ESTELA VALERIO";10608
610;28;"ESTELA VILLÉGAS";10609
611;29;"ESTER ALCAIDE";10610
612;30;"ESTER CARMONA";10611
613;31;"ESTER PATRÍCIO";10612
614;32;"ESTÊVÃO LAMEIRAS";10613
615;33;"EUDES HOLANDA";10614
616;34;"EUDES LAGE";10615
617;35;"EUDES MANSILLA";10616
618;36;"EUGÉNIA AROUCA";10617
619;37;"EUGÉNIA BARBOZA";10618
620;38;"EUGÉNIA CASTELO";10619
621;39;"EUGÉNIA CASTRO";10620
622;40;"EUGÉNIA NEVES";10621
623;41;"EUGÉNIO ARANHA";10622
624;42;"EUGÉNIO TAVEIRA";10623
625;43;"EUNICE PIRATININGA";10624
626;44;"EURICO CARVALHO";10625
627;45;"EURICO REYES";10626
628;46;"EURICO TEVES";10627
629;47;"EUSÉBIO RUFINO";10628
630;48;"EVA BARRETO";10629
631;49;"EVA CAMBAÚVA";10630
632;50;"EVA GODÓI";10631
633;51;"EVA LARANJEIRA";10632
634;52;"EVANDRO JATOBÁ";10633
635;53;"EVANDRO MOITA";10634
636;54;"EVANDRO SANT'ANNA";10635
637;55;"EVANGELISTA BARBOSA";10636
638;56;"EVANGELISTA BARROQUEIRO";10637
639;57;"EVANGELISTA CARVALHEIRA";10638
640;58;"EVANGELISTA GARCIA DE GONDIM";10639
641;59;"EVANGELISTA VERGUERO";10640
642;60;"EVARISTO NOGUERA";10641
643;61;"EVARISTO PALHARES";10642
644;62;"EZEQUIEL MACIEIRA";10643
645;63;"EZEQUIEL MOURATO";10644
646;64;"EZEQUIEL NORONHA";10645
647;64;"EZEQUIEL REBELO";10646
648;42;"FABIANA BELCHIORINHO";10647
649;43;"FABIANA CACHOEIRA";10648
650;44;"FABIANA CAIRU";10649
651;45;"FABIANA MARTINHO";10650
652;46;"FABIANA NÓBREGA";10651
653;47;"FABIANO VALADARES";10652
654;48;"FABIANO ÁLVARES";10653
655;49;"FABRÍCIO DINIS";10654
656;50;"FABRÍCIO ESTÉVEZ";10655
657;51;"FABÍOLA CISNEIROS";10656
658;52;"FABÍOLA INFANTE";10657
659;53;"FABÍOLA SALES";10658
660;29;"FAUSTINO CERVEIRA";10659
661;30;"FAUSTINO SOUZA";10660
662;31;"FAUSTINO VILLALOBOS";10661
663;32;"FAUSTO CAMILO";10662
664;33;"FAUSTO SINTRA";10663
665;34;"FELICIANA CARROMEU";10664
666;35;"FELICIANA ROBALO";10665
667;36;"FELICIANO BRANDÃO";10666
668;1;"FELICIANO MANSILHA";10667
669;2;"FELICIDADE ALMADA";10668
670;3;"FELICIDADE VILAS BOAS";10669
671;4;"FELISBELA ATHAYDE";10670
672;5;"FELISBELA FIGUEIROA";10671
673;6;"FELISBELA ÁLVARO";10672
674;7;"FELÍCIA ARARIPE";10673
675;8;"FELÍCIA BRIÃO";10674
676;9;"FELÍCIA CASCAIS";10675
677;10;"FELÍCIA CORRÊA";10676
678;11;"FELÍCIA DOMÍNGUEZ";10677
679;12;"FERDINANDO BARROSO";10678
680;13;"FERDINANDO FREIRIA";10679
681;14;"FERDINANDO FURQUIM";10680
682;15;"FERDINANDO GOUVÊA";10681
683;16;"FERDINANDO TAMOIO";10682
684;17;"FERDINANDO VILALOBOS";10683
685;18;"FERNANDA BAPTISTA";10684
686;19;"FERNANDA GOMIDE";10685
687;20;"FERNANDO EANES";10686
688;21;"FERNANDO FARO";10687
689;22;"FERNANDO FIGUEIREDO";10688
690;18;"FERNÃO GUIMARÃES";10689
691;19;"FILENA CAVADAS";10690
692;20;"FILENA SOUZA";10691
693;21;"FILINTO CEZAR";10692
694;22;"FILIPA GOULART";10693
695;23;"FILIPE TAPEREBÁ";10694
696;24;"FILOMENA ALANCASTRE";10695
697;25;"FILOMENA GUEDES";10696
698;26;"FIONA DURÁN";10697
699;27;"FIONA JUNQUEIRA";10698
700;28;"FIONA TABARES";10699
701;29;"FIONA TAMOIO";10700
702;30;"FIRMINA ÁLVAREZ";10701
703;31;"FLOR CORREA";10702
704;32;"FLOR PALMEIRA";10703
705;33;"FLORA MADUREIRA";10704
706;34;"FLORIPES PRADO";10705
707;18;"FLORÊNCIO ALCANTARA";10706
708;19;"FLORÊNCIO ARANTES";10707
709;20;"FLÁVIA ARARIPE";10708
710;21;"FLÁVIO BARBOZA";10709
711;22;"FLÁVIO TABARES";10710
712;23;"FRANCISCA CASTELO BRANCO";10711
713;24;"FRANCISCA PAJARES";10712
714;25;"FRANCISCO DOMINGUES";10713
715;26;"FREDERICA COUTO";10714
716;27;"FREDERICA LINHARES";10715
717;28;"FREDERICA PEDROSO";10716
718;29;"FREDERICA RAMALHO";10717
719;30;"FREDERICO JUCÁ";10718
720;31;"FREDERICO SALDANHA";10719
721;32;"FRUTUOSO BORGES";10720
722;33;"FRUTUOSO GÓIS";10721
723;34;"FRUTUOSO MEDINA";10722
724;18;"FÁBIA CAPISTRANO";10723
725;19;"FÁBIA ENRÍQUEZ";10724
726;20;"FÁBIA MANSO";10725
727;21;"FÁBIA PARRACHO";10726
728;22;"FÁBIA PICANÇO";10727
729;23;"FÁBIA VILALOBOS";10728
730;24;"FÁBIO MIRANDA";10729
731;25;"FÁBIO QUINTAS";10730
732;26;"FÁTIMA ALDEIA";10731
733;27;"FÁTIMA GRANJEIRO";10732
734;28;"FÁTIMA MEIRELES";10733
735;29;"FÉLIX GIRÓN";10734
736;30;"FÉLIX VICARIO";10735
737;31;"GABRIEL NOGUEIRA";10736
738;32;"GABRIEL PINHO";10737
739;33;"GABRIEL RUFINO";10738
740;34;"GABRIELA DUARTE";10739
741;20;"GABRIELA JORDÃO";10740
742;21;"GABRIELA JÁCOME";10741
743;22;"GABRIELA LEAL";10742
744;18;"GABRIELA ULLOA";10743
745;19;"GABRIELA VILAS BOAS";10744
746;20;"GALINDO ESPARTERO";10745
747;21;"GALINDO GRACIA";10746
748;22;"GALINDO QUINTEIRO";10747
749;23;"GARIBALDO BECERRA";10748
750;24;"GARIBALDO LÓPEZ";10749
751;25;"GASPAR DAMAZIO";10750
752;26;"GASPAR PENA";10751
753;27;"GASTÃO CASTANHEIRA";10752
754;28;"GASTÃO MENDES";10753
755;29;"GAUDÊNCIO AVELAR";10754
756;30;"GAUDÊNCIO CASTELO";10755
757;31;"GAUDÊNCIO SIMÃO";10756
758;32;"GEDEÃO BOTELHO";10757
759;33;"GEDEÃO GOUVÊA";10758
760;34;"GEDEÃO VASCONCELOS";10759
761;18;"GENOVEVA BETHECOURT";10760
762;19;"GERALDO FALCÃO";10761
763;20;"GERALDO RUA";10762
764;21;"GERALDO SEQUEIRA";10763
765;22;"GERARDO BAUTISTA";10764
766;23;"GERARDO CAMINHA";10765
767;24;"GERARDO GONSALVES";10766
768;25;"GERMANA FIGUEROA";10767
769;26;"GERMANA MARTINHO";10768
770;27;"GERMANO COELHO";10769
771;28;"GERMANO PEQUENO";10770
772;29;"GERMANO SEQUERA";10771
773;30;"GERSON BALLADARES";10772
774;31;"GERSON GARCÍA";10773
775;32;"GERSON QUARESMA";10774
776;33;"GERSON TEVES";10775
777;34;"GERTRUDES BEZERRA";10776
778;18;"GERTRUDES CARRASQUEIRA";10777
779;19;"GERTRUDES SACRAMENTO";10778
780;20;"GERUSA ALVES";10779
781;21;"GERUSA MORALES";10780
782;22;"GERUSA MOREIRA";10781
783;23;"GIL CASTELHANO";10782
784;24;"GIL REGO";10783
785;25;"GIL VIEIRA";10784
786;26;"GILBERTO BEIRIZ";10785
787;27;"GILBERTO GRAÇA";10786
788;28;"GILBERTO MILHEIRÃO";10787
789;29;"GILDA SOBRAL";10788
790;30;"GINA FIÃES";10789
791;31;"GINÉCULO ESPARTERO";10790
792;32;"GINÉCULO REGO";10791
793;33;"GIOVANA ARAGÓN";10792
794;34;"GIOVANA BARANDA";10793
795;20;"GIOVANA GABEIRA";10794
796;21;"GIRÃO PEREIRA";10795
797;22;"GIRÃO VALIDO";10796
798;18;"GISELA AMARANTE";10797
799;19;"GISELA CALHEIROS";10798
800;20;"GISELA FERREYRA";10799
801;21;"GISELA OTERO";10800
802;22;"GLAUCO BOGA";10801
803;23;"GLAUCO CANADAS";10802
804;24;"GLAUCO NAZÁRIO";10803
805;25;"GLÁUBER CABREIRA";10804
806;26;"GLÁUBER ESTEVES";10805
807;27;"GLÁUBER QUINTANA";10806
808;28;"GLÁUCIA IGREJAS";10807
809;29;"GLÁUCIA SUAÇUNA";10808
810;30;"GLÁUCIO BOTICA";10809
811;31;"GLÁUCIO BUGALLO";10810
812;32;"GLÁUCIO FELGUEIRAS";10811
813;33;"GLÁUCIO FLORES";10812
814;34;"GLÓRIA CIDREIRA";10813
815;18;"GLÓRIA MOURA";10814
816;19;"GLÓRIA SUÁREZ";10815
817;20;"GLÓRIA VILALOBOS";10816
818;21;"GODO ALVES";10817
819;22;"GODO CASTELO BRANCO";10818
820;23;"GODO PESSOA";10819
821;24;"GOMES CALDEIRA";10820
822;25;"GOMES MEDEIROS";10821
823;26;"GONÇALO BARATA";10822
824;27;"GONÇALO GIMÉNEZ";10823
825;28;"GONÇALO MANTAS";10824
826;29;"GONÇALO SANTOS";10825
827;30;"GRACIANO DORNELLES";10826
828;31;"GRACIANO MÁRQUEZ";10827
829;32;"GRACIANO QUINTÃO";10828
830;33;"GRACIANO REGO";10829
831;34;"GRACIANO SOTOMAYOR";10830
832;18;"GRAÇA ESTRADA";10831
833;19;"GREGÓRIO AIRES";10832
834;20;"GREGÓRIO FARIA";10833
835;21;"GREICE CASTEL-BRANCO";10834
836;22;"GREICE FIESTAS";10835
837;23;"GREICE GONSALVES";10836
838;24;"GUADALUPE BETTENCOURT";10837
839;25;"GUADALUPE BRASIL";10838
840;26;"GUADALUPE CANHÃO";10839
841;27;"GUADALUPE CARREIRA";10840
842;28;"GUALDIM FELGUEIRAS";10841
843;29;"GUALDIM GUARACIABA";10842
844;30;"GUARACI BALDAIA";10843
845;31;"GUARACI JIMÉNEZ";10844
846;32;"GUARACI MANSO";10845
847;33;"GUARACI PRADO";10846
848;34;"GUEDA IMPERIAL";10847
849;61;"GUI VILLELA";10848
850;62;"GUIDA CASQUERO";10849
851;63;"GUIDA TORRADO";10850
852;64;"GUILHERME ALANCASTRE";10851
853;64;"GUILHERME GARCIA DE GONDIM";10852
854;42;"GUILHERME PAIXÃO";10853
855;43;"GUILHERME REBOUÇAS";10854
856;44;"GUILHERME TOMÉ";10855
857;45;"GUILHERMINA BACELAR";10856
858;46;"GUIOMAR LOBATO";10857
859;47;"GUIOMAR MARINO";10858
860;48;"GUSTAVO BUENAVENTURA";10859
861;49;"GUSTAVO CAMBAÚVA";10860
862;50;"GUTERRE ABELHO";10861
863;51;"GUÁLTER, WALTER PEGADO";10862
864;52;"GUÁLTER, WALTER SABALA";10863
865;53;"GÁVIO FARIA";10864
866;29;"GÁVIO GUZMÁN";10865
867;30;"GÁVIO VARÃO";10866
868;31;"HEDVIGES FERNANDES";10867
869;32;"HEDVIGES FOGASSA";10868
870;33;"HEITOR BELMONTE";10869
871;34;"HEITOR BRIÃO";10870
872;35;"HEITOR MEIRA";10871
873;36;"HEITOR VALADÃO";10872
874;1;"HEITOR VILAÇA";10873
875;2;"HELENA BARROQUEIRO";10874
876;3;"HELENA BARROS";10875
877;4;"HELENA MORTÁGUA";10876
878;5;"HELENA PARI";10877
879;6;"HELENA PÁEZ";10878
880;7;"HELENA ZARCO";10879
881;8;"HELOÍSA MIRANDA";10880
882;9;"HELOÍSA MOTA";10881
883;10;"HELOÍSA ROSARIO";10882
884;11;"HENRIQUE DANTAS";10883
885;12;"HENRIQUE GIRÓN";10884
886;13;"HENRIQUE MORALES";10885
887;14;"HENRIQUE POZAS";10886
888;15;"HENRIQUETA MAIA";10887
889;16;"HERBERTO CHAGAS";10888
890;17;"HERBERTO SEVERIANO";10889
891;18;"HERBERTO SUÁREZ";10890
892;19;"HERCULANO PARAFITA";10891
893;20;"HERCULANO PRADA";10892
894;21;"HERCULANO QUIRÓS";10893
895;22;"HERCULANO TABOSA";10894
896;23;"HERIBERTO BRÁS";10895
897;24;"HERIBERTO CERQUEIRA";10896
898;25;"HERIBERTO EIRÓ";10897
899;26;"HERIBERTO REBIMBAS";10898
900;27;"HERIBERTO VARGAS";10899
901;28;"HERIBERTO VELASCO";10900
902;29;"HERMANO BARATEIRO";10901
903;30;"HERMANO CÂMARA";10902
904;31;"HERMANO VIÉGAS";10903
905;32;"HERMESINDA FERRERA";10904
906;33;"HERMESINDA VAREJÃO";10905
907;34;"HERMÍGIO CESÁRIO";10906
908;35;"HERMÍGIO DINIS";10907
909;36;"HERMÍGIO DÂMASO";10908
910;37;"HERMÍGIO SALDAÑA";10909
911;38;"HERNÂNI COELHO";10910
912;39;"HIGINO FERRERA";10911
913;40;"HIGINO VILLAÇA";10912
914;41;"HIPÓLITO CAEIRA";10913
915;42;"HIPÓLITO CALDEIRA";10914
916;43;"HIPÓLITO TALHÃO";10915
917;44;"HIPÓLITO VALADARES";10916
918;45;"HONORINA COITINHO";10917
919;46;"HONORINA LOZADA";10918
920;47;"HONORINA PINTO";10919
921;48;"HONORINA XIMENES";10920
922;49;"HONÓRIO ASSIS";10921
923;50;"HONÓRIO ASSIS";10922
924;51;"HONÓRIO FILIPE";10923
925;52;"HONÓRIO GARCIA DE GONDIM";10924
926;53;"HONÓRIO MARMOU";10925
927;54;"HONÓRIO PEDROZO";10926
928;55;"HONÓRIO PERDIGÃO";10927
929;56;"HONÓRIO PUENTES";10928
930;57;"HONÓRIO SARMENTO";10929
931;58;"HONÓRIO TORCATO";10930
932;59;"HORÁCIO BANDEIRA";10931
933;60;"HORÁCIO BOGALHO";10932
934;61;"HORÁCIO FIDALGO";10933
935;62;"HORÁCIO VILLEGAS";10934
936;63;"HUMBERTO CANTANHEDE";10935
937;64;"HUMBERTO FIGUEROA";10936
938;64;"HUMBERTO MILHEIRO";10937
939;42;"HÉLDER CASTANHEIRA";10938
940;43;"HÉLDER LUCAS";10939
941;44;"HÉLIA ALEIXO";10940
942;45;"HÉLIA CAETANO";10941
943;46;"HÉLIA CARDIN";10942
944;47;"HÉLIA MATOS";10943
945;48;"HÉLIA SALOMÃO";10944
946;49;"HÉLIO PAIVA";10945
947;50;"IBERÊ BELTRÃO";10946
948;51;"IBERÊ HERRERA";10947
949;52;"IBERÊ JORGE";10948
950;53;"IBERÊ QUIRINO";10949
951;29;"IBIJARA FREIRIA";10950
952;30;"IBIJARA REGUEIRA";10951
953;31;"IFIGÉNIA HORTA";10952
954;32;"ILDEFONSO BETANCOUR";10953
955;33;"ILDUARA GABEIRA";10954
956;34;"ILDUARA MARTÍNEZ";10955
957;35;"ILMA MAINHA";10956
958;36;"ILÍDIO PEDROZO";10957
959;1;"INAIÁ BRITTO";10958
960;2;"INAIÁ GODOI";10959
961;3;"INGRIT BRANCO";10960
962;4;"INGRIT GRANGEIA";10961
963;5;"INGRIT MARMOU";10962
964;6;"INGRIT REYES";10963
965;7;"INGRIT VARGAS";10964
966;8;"INÁCIO BARREIRO";10965
967;9;"INÁCIO BRANDÃO";10966
968;10;"INÁCIO ESTÉVEZ";10967
969;11;"INÁCIO PENTEADO";10968
970;12;"IOLANDA CANÁRIO";10969
971;13;"IOLANDA VILA-CHÃ";10970
972;14;"IRACEMA ANTÚNEZ";10971
973;15;"IRACI CARQUEIJEIRO";10972
974;16;"IRACI MADUREIRA";10973
975;17;"IRACI PÁDUA";10974
976;18;"IRACI VIDIGAL";10975
977;19;"IRANI JUNQUEIRA";10976
978;20;"IRANI SILVESTRE";10977
979;21;"IRANI VILLÉGAS";10978
980;22;"IRENE ISLA";10979
981;18;"ISAAC, ISAQUE FARINHA";10980
982;19;"ISAAC, ISAQUE MACENA";10981
983;20;"ISABEL FRADE";10982
984;21;"ISABEL JESUS";10983
985;22;"ISADORA NOGUERA";10984
986;23;"ISADORA PAJARES";10985
987;24;"ISADORA QUENTAL";10986
988;25;"ISADORA QUINTERNO";10987
989;26;"ISADORA SEQUERA";10988
990;27;"ISADORA VILLÉGAS";10989
991;28;"ISAURA HIDALGO";10990
992;29;"ISAURA PIRAGIBE";10991
993;30;"ISAURA PIRES";10992
994;31;"ISIDRO ANTÚNEZ";10993
995;32;"ISIDRO SALGADO";10994
996;33;"ISILDA BUTANTÃ";10995
997;34;"ISILDA QUADROS";10996
998;18;"ISILDA REINO";10997
999;19;"ISMAEL LAGOS";10998
1000;20;"ISMAEL PAES";10999
1001;21;"ISMAEL VILLAÇA";11000
1002;22;"ISRAEL ALCAIDE";11001
1003;23;"ISRAEL FELGUEIRA";11002
1004;24;"ITIBERÊ BOTICA";11003
1005;25;"ITIBERÊ FERNÁNDEZ";11004
1006;26;"ITIBERÊ SIMÓN";11005
1007;27;"IURI CAMBEZES";11006
1008;28;"IURI JORGE";11007
1009;29;"IVA CASTILHOS";11008
1010;30;"IVA PINHAL";11009
1011;31;"IVA ULHOA";11010
1012;32;"IVETE BETHANCOUT";11011
1013;33;"IVETE CASTELLO BRANCO";11012
1014;34;"IVETE GOMIDE";11013
1015;18;"IVO BRUM";11014
1016;19;"IVO CAPUCHO";11015
1017;20;"IVO CASTELHANO";11016
1018;21;"IVO CORTÉS";11017
1019;22;"IVO TEVES";11018
1020;23;"JACINTA CISNEIROS";11019
1021;24;"JACINTA MALHEIROS";11020
1022;25;"JACINTA PINHEIRO";11021
1023;26;"JACINTO COIMBRA";11022
1024;27;"JACINTO ÁGUEDA";11023
1025;28;"JACIR GOUVEIA";11024
1026;29;"JACIR MODESTO";11025
1027;30;"JACIRA CASTELÃO";11026
1028;31;"JADIR BOCAIÚVA";11027
1029;32;"JADIR IGLESIAS";11028
1030;33;"JADIR LEÓN";11029
1031;34;"JADIR VERGUEIRO";11030
1032;20;"JAIME CAMPELLO";11031
1033;21;"JAIME THEMES";11032
1034;22;"JAMARI MALAFAIA";11033
1035;18;"JANAÍNA BARATEIRO";11034
1036;19;"JANDIRA CARDIM";11035
1037;20;"JANDIRA FROIS";11036
1038;21;"JANDIRA JIMÉNEZ";11037
1039;22;"JANDIRA MOURÃO";11038
1040;23;"JEREMIAS GUEDELHA";11039
1041;24;"JEREMIAS SANTANA";11040
1042;25;"JERÓNIMO, JERÔNIMO JÚDICE";11041
1043;26;"JERÓNIMO, JERÔNIMO TEVES";11042
1044;27;"JOANA CEZAR";11043
1045;28;"JOAQUIM BECERRIL";11044
1046;29;"JOAQUIM MINHO";11045
1047;30;"JOAQUIM VILLÉGAS";11046
1048;31;"JOAQUINA ALBUQUERQUE";11047
1049;32;"JOEL FERRO";11048
1050;33;"JOEL GODOY";11049
1051;34;"JONAS FEITOSA";11050
1052;18;"JONAS GARCÍA";11051
1053;19;"JONAS VILANOVA";11052
1054;20;"JORDANA ABRANCHES";11053
1055;21;"JORDANA BRUM";11054
1056;22;"JORDANA DELGADO";11055
1057;23;"JORDANA LAMPREIA";11056
1058;24;"JORDÃO ARAÚJO";11057
1059;25;"JORDÃO BALLADARES";11058
1060;26;"JORDÃO ESPARTERO";11059
1061;27;"JORDÃO FREYRE";11060
1062;28;"JORDÃO MALHEIROS";11061
1063;29;"JORDÃO QUEIROZ";11062
1064;30;"JORDÃO SANTARÉM";11063
1065;31;"JORDÃO VERISSIMO";11064
1066;32;"JORGE PORTELLA";11065
1067;33;"JOSEFA ESPARTEIRO";11066
1068;34;"JOSEFA TAMOIO";11067
1069;18;"JOSEFINA ALBERNAZ";11068
1070;19;"JOSEFINA CARRILHO";11069
1071;20;"JOSEFINA NOGUEIRA";11070
1072;21;"JOSIAS AMARANTE";11071
1073;22;"JOSIAS ANJOS";11072
1074;23;"JOSIAS LÓPEZ";11073
1075;24;"JOSUÉ DELGADO";11074
1076;25;"JOSUÉ DURÁN";11075
1077;26;"JOSUÉ REINO";11076
1078;27;"JOSÉ CALDAS";11077
1079;28;"JOSÉ CIPRIANO";11078
1080;29;"JOSÉ DOUTEL";11079
1081;30;"JOÃO LEAL";11080
1082;31;"JOÃO TIBIRIÇÁ";11081
1083;32;"JUDAS CERVEIRA";11082
1084;33;"JUDITE CARREIRA";11083
1085;34;"JUDITE MEIRELLES";11084
1086;20;"JULIANO FREIXO";11085
1087;21;"JULIANO IPIRANGA";11086
1088;22;"JULIANO MOREYRA";11087
1089;18;"JULIANO VENTURA";11088
1090;19;"JUSTINO CASADO";11089
1091;20;"JUTAÍ QUINTERNO";11090
1092;21;"JUTAÍ ZAGALLO";11091
1093;22;"JUÇARA BELÉM";11092
1094;23;"JUÇARA SANCHES";11093
1095;24;"JÓNATAS CISNEIROS";11094
1096;25;"JÓNATAS INÊS";11095
1097;26;"JÓNATAS PERALTA";11096
1098;27;"JÓNATAS SALOMÓN";11097
1099;28;"JÓNATAS VILARIÇA";11098
1100;29;"JÚLIA ALMADA";11099
1101;30;"JÚLIO CACHOEIRA";11100
1102;31;"JÚLIO FIÃES";11101
1103;32;"LAURA FRANCA";11102
1104;33;"LAURA SALGUERO";11103
1105;34;"LAVÍNIA FIGUEIROA";11104
1106;18;"LAVÍNIA MELO";11105
1107;19;"LAVÍNIA THOMÉ";11106
1108;20;"LAÍS MACIEIRA";11107
1109;21;"LEANDRO CANDEIAS";11108
1110;22;"LEANDRO SIEBRA";11109
1111;23;"LEONARDO BOCAIÚVA";11110
1112;24;"LEONARDO DINIZ";11111
1113;25;"LEONEL NEGREIROS";11112
1114;26;"LEONILDE AVEIRO";11113
1115;27;"LEONIR BRÁS";11114
1116;28;"LEONIR FERNANDES";11115
1117;29;"LEONIR GIRÃO";11116
1118;30;"LEONIR LAMEIRAS";11117
1119;31;"LEONIR MARROQUIM";11118
1120;32;"LEONIR PEROBA";11119
1121;33;"LEONOR MONTERO";11120
1122;34;"LEONOR QUEIRÓS";11121
1123;18;"LEOPOLDINA FERRERA";11122
1124;19;"LEOPOLDO HERRERA";11123
1125;20;"LEOPOLDO MARINS";11124
1126;21;"LEOPOLDO PESEIRO";11125
1127;22;"LETÍCIA BOGADO";11126
1128;23;"LETÍCIA CORTÉS";11127
1129;24;"LETÍCIA HIPÓLITO";11128
1130;25;"LEVI GÓIS";11129
1131;26;"LEVI QUINTÃO";11130
1132;27;"LEVI SÁ";11131
1133;28;"LEVINDO MOURATO";11132
1134;29;"LEÓNIDAS QUIROGA";11133
1135;30;"LEÔNIDAS   BESERRIL";11134
1136;31;"LEÔNIDAS   LISBOA";11135
1137;32;"LEÔNIDAS   ORNELAS";11136
1138;33;"LEÔNIDAS   RANGEL";11137
1139;34;"LEÔNIDAS   SARDINA";11138
1140;61;"LIANA ANTÚNEZ";11139
1141;62;"LIANA ARANTES";11140
1142;63;"LIANA CASTELLO BRANCO";11141
1143;64;"LIANA VALERIO";11142
1144;64;"LIEDSON BULHÕES";11143
1145;42;"LIEDSON CISNEROS";11144
1146;43;"LIEDSON MOTA";11145
1147;44;"LILIANA CABREIRA";11146
1148;45;"LILIANA CIRNE";11147
1149;46;"LILIANA MANSILHA";11148
1150;47;"LINA BEZERRA";11149
1151;48;"LINA BORJA";11150
1152;49;"LINA FIALHO";11151
1153;50;"LINA MÉNDEZ";11152
1154;51;"LINA VASCONCELLOS";11153
1155;52;"LINA VIVEROS";11154
1156;53;"LINEU MONTEIRO";11155
1157;29;"LINEU MONTEIRO";11156
1158;30;"LINO CISNEROS";11157
1159;31;"LOPO FERRAÇO";11158
1160;32;"LOPO LISBOA";11159
1161;33;"LORENA CASTILLO";11160
1162;34;"LORENA ESTEVES";11161
1163;35;"LORENA LOBATO";11162
1164;36;"LORENA MURICI";11163
1165;1;"LORENA PARRACHO";11164
1166;2;"LOURENÇO FRANCA";11165
1167;3;"LOURENÇO GRACIA";11166
1168;4;"LOURENÇO RUAS";11167
1169;5;"LUA BALLADARES";11168
1170;6;"LUA GONZÁLEZ";11169
1171;7;"LUA ÁGUEDA";11170
1172;8;"LUANA TÉLLEZ";11171
1173;9;"LUCIANA AZAMBUJA";11172
1174;10;"LUCIANA FEITOSA";11173
1175;11;"LUCIANA GUILHEIRO";11174
1176;12;"LUCIANA MARREIRO";11175
1177;13;"LUCINDA CAMELO";11176
1178;14;"LUCINDA FRADE";11177
1179;15;"LUCINDA PEDROSO";11178
1180;16;"LUCINDA PINHO";11179
1181;17;"LUCINDA VÁZQUEZ";11180
1182;18;"LUCÍLIA MAINHA";11181
1183;19;"LUCÍLIO DIAS";11182
1184;20;"LUCÍLIO SARAIVA";11183
1185;21;"LUDOVICO CASTANHEIRA";11184
1186;22;"LUDOVICO MENDOZA";11185
1187;23;"LUDOVICO SINTRA";11186
1188;24;"LUDOVICO VIANA";11187
1189;25;"LUIZE ANTUNES";11188
1190;26;"LUIZE MARINS";11189
1191;27;"LURDES MONTE";11190
1192;28;"LURDES OLIVEIRA";11191
1193;29;"LURDES VALIENTE";11192
1194;30;"LURDES VELÁZQUEZ";11193
1195;31;"LUZIA GARCÍA";11194
1196;32;"LUZIA GÓIS";11195
1197;33;"LUZIA HIGUERA";11196
1198;34;"LUZIA MENEZES";11197
1199;35;"LUZIA SÁNCHEZ";11198
1200;36;"LUÍS GALINDO";11199
1201;37;"LUÍS JESÚS";11200
1202;38;"LUÍS MAGALLANES";11201
1203;39;"LUÍS VERGUEIRO";11202
1204;40;"LUÍSA OSÓRIO";11203
1205;41;"LUÍSA RANGEL";11204
1206;42;"LÁZARO LUZ";11205
1207;43;"LÁZARO OCHOA";11206
1208;44;"LÉIA CANEIRA";11207
1209;45;"LÉIA FAGUNDES";11208
1210;46;"LÉIA MORA";11209
1211;47;"LÉIA PAVÍA";11210
1212;48;"LÉIA PERALTA";11211
1213;49;"LÉNIA DUARTE";11212
1214;50;"LÉNIA GIL";11213
1215;51;"LÍDIA MÁRQUEZ";11214
1216;52;"LÍDIA PRATES";11215
1217;53;"LÍGIA VALERIO";11216
1218;54;"LÍGIA VALIDO";11217
1219;55;"LÍLIA PRUDENTE";11218
1220;56;"LÍLIA ROBALO";11219
1221;57;"LÍLIA VILLÉGAS";11220
1222;58;"LÍVIA BOGA";11221
1223;59;"LÍVIA REGUEIRA";11222
1224;60;"LÍVIA TUPINAMBÁ";11223
1225;61;"LÚCIA ATAÍDE";11224
1226;62;"LÚCIA CANEIRA";11225
1227;63;"LÚCIA FEITOSA";11226
1228;64;"LÚCIA PEGADO";11227
1229;64;"LÚCIO MIRANDA";11228
1230;42;"LÚCIO QUIRÓS";11229
1231;43;"LÚCIO RIBEIRO";11230
1232;44;"MADALENA BICUDO";11231
1233;45;"MADALENA GARCÉS";11232
1234;46;"MAFALDA CASTELO";11233
1235;47;"MAFALDA CERVEIRA";11234
1236;48;"MAFALDA FOGASSA";11235
1237;49;"MAFALDA MORALES";11236
1238;50;"MAFALDA VARÃO";11237
1239;51;"MAGALI ALVES";11238
1240;52;"MAGALI RAMOS";11239
1241;53;"MAGALI VENTURA";11240
1242;29;"MAGDA COUTINHO";11241
1243;30;"MAGDA NOVAIS";11242
1244;31;"MAGDA VENTURA";11243
1245;32;"MAIARA BARROCAS";11244
1246;33;"MAIARA CAIAPÓ";11245
1247;34;"MAMEDE ARARIPE";11246
1248;35;"MAMEDE MOURÃO";11247
1249;36;"MANUEL SUÁREZ";11248
1250;1;"MANUELA NIEVES";11249
1251;2;"MANUELA SESIMBRA";11250
1252;3;"MARA MARREIRO";11251
1253;4;"MARA QUINTAL";11252
1254;5;"MARA ÁLVARO";11253
1255;6;"MARCELA BRUM";11254
1256;7;"MARCELA VIERA";11255
1257;8;"MARCELO SARMIENTO";11256
1258;9;"MARCO BENSAÚDE";11257
1259;10;"MARCO PORCIÚNCULA";11258
1260;11;"MARGARIDA BRAGANÇA";11259
1261;12;"MARGARIDA CANDEIAS";11260
1262;13;"MARGARIDA COSTA";11261
1263;14;"MARIA TOLEDO";11262
1264;15;"MARIA VELEDA";11263
1265;16;"MARIANA FURTADO";11264
1266;17;"MARIANA MACHADO";11265
1267;18;"MARIANA PEDROZO";11266
1268;19;"MARIANA SALOMÃO";11267
1269;20;"MARIANA VELOSO";11268
1270;21;"MARIANO ALBUQUERQUE";11269
1271;22;"MARIANO CANHÃO";11270
1272;18;"MARIANO MORA";11271
1273;19;"MARIANO SINTRA";11272
1274;20;"MARILDA MOURINHO";11273
1275;21;"MARINA MAGALHÃES";11274
1276;22;"MARISA LESSA";11275
1277;23;"MARISA MINHO";11276
1278;24;"MARLENE FÉLIX";11277
1279;25;"MARLI CAPISTRANO";11278
1280;26;"MARLI ZARCO";11279
1281;27;"MARTA BRANDÁN";11280
1282;28;"MARTA CABEÇA DE VACA";11281
1283;29;"MARTA GUERRA";11282
1284;30;"MARTIM PERALTA";11283
1285;31;"MARÍLIA ALMEYDA";11284
1286;32;"MARÍLIA RUA";11285
1287;33;"MATEUS ROCHA";11286
1288;34;"MATEUS VILLAS BOAS";11287
1289;18;"MATIAS BARATA";11288
1290;19;"MATIAS CASTANHEIRA";11289
1291;20;"MATIAS FREITAS";11290
1292;21;"MATIAS PENHA";11291
1293;22;"MATILDE CARQUEIJEIRO";11292
1294;23;"MAURA JURUNA";11293
1295;24;"MAURA MANSILLA";11294
1296;25;"MAURO CAIRU";11295
1297;26;"MAURO CASTELBRANCO";11296
1298;27;"MAURO PAIACÃ";11297
1299;28;"MAURÍCIO CASTANHO";11298
1300;29;"MAURÍCIO MELGAÇO";11299
1301;30;"MAURÍCIO MENESES";11300
1302;31;"MAURÍCIO SILVEIRA";11301
1303;32;"MAXIMILIANO IGNACIO";11302
1304;33;"MAXIMILIANO JORGE";11303
1305;34;"MAXIMILIANO LANCASTRE";11304
1306;18;"MAXIMILIANO TEODORO";11305
1307;19;"MAÍRA BELÉM";11306
1308;20;"MBICY OSORIO";11307
1309;21;"MBICY TOSCANO";11308
1310;22;"MELINDA BUGALLO";11309
1311;23;"MELINDA FESTAS";11310
1312;24;"MELINDA LEIRIA";11311
1313;25;"MELINDA SOEIRO";11312
1314;26;"MELISSA PROENÇA";11313
1315;27;"MERCEDES AYRES";11314
1316;28;"MERCEDES MELO";11315
1317;29;"MICAEL BARCELLOS";11316
1318;30;"MICAEL PATRÍCIO";11317
1319;31;"MICAELA ASUNCIÓN";11318
1320;32;"MICAELA CASQUERO";11319
1321;33;"MICAELA SILVEIRA DOS AÇORES";11320
1322;34;"MICAELA TELLES";11321
1323;20;"MIGUEL FUENTES";11322
1324;21;"MIGUELINA BANDEIRA";11323
1325;22;"MIGUELINA VASCONCELLOS";11324
1326;18;"MILEIDE PÉREZ";11325
1327;19;"MILENA CABREIRA";11326
1328;20;"MILENA PAIXÃO";11327
1329;21;"MINERVINA TIGRE";11328
1330;22;"MIRU FERNANDES";11329
1331;23;"MIRU MOURATO";11330
1332;24;"MOACI CARVALHAIS";11331
1333;25;"MOACIR SALDANHA";11332
1334;26;"MOACIR SILVEIRA";11333
1335;27;"MOACIR VIERA";11334
1336;28;"MOEMA CANEDO";11335
1337;29;"MOEMA MONTE";11336
1338;30;"MOEMA VALADARES";11337
1339;31;"MOEMA VALENTE";11338
1340;32;"MOISÉS FOQUIÇO";11339
1341;33;"MOISÉS FÉLIX";11340
1342;34;"MOISÉS LUCENA";11341
1343;18;"MOISÉS MELO";11342
1344;19;"MOISÉS VELÁSQUEZ";11343
1345;20;"MORGANA DUTRA";11344
1346;21;"MORGANA JARDIM";11345
1347;22;"MORGANA LANCASTRE";11346
1348;23;"MURICI HOLLANDA";11347
1349;24;"MURILO JIMÉNEZ";11348
1350;25;"MÁRCIA ÁLVEZ";11349
1351;26;"MÁRCIO TORCATO";11350
1352;27;"MÁRIO BRAGA";11351
1353;28;"MÁRIO LAUREANO";11352
1354;29;"MÁXIMA BESSA";11353
1355;30;"MÁXIMO ABRANTES";11354
1356;31;"MÁXIMO CAYADO";11355
1357;32;"MÁXIMO ESPARGOSA";11356
1358;33;"MÁXIMO LAGES";11357
1359;34;"MÁXIMO MACEDO";11358
1360;18;"MÁXIMO SUÁREZ";11359
1361;19;"MÉCIA COVELHÃ";11360
1362;20;"MÉCIA JAVIER";11361
1363;21;"MÉCIA SOTO MAYOR";11362
1364;22;"MÓNICA CARVALHOSO";11363
1365;23;"MÓNICA NAZÁRIO";11364
1366;24;"MÔNICA   CAMACHO";11365
1367;25;"MÔNICA   GODOI";11366
1368;26;"NATACHA CAMBAÚVA";11367
1369;27;"NATIVIDADE CARLOS";11368
1370;28;"NATIVIDADE CAYADO";11369
1371;29;"NATIVIDADE NOVAIS";11370
1372;30;"NATÁLIA BEZERRIL";11371
1373;31;"NATÁLIA EANES";11372
1374;32;"NATÁLIA ESPÍRITO SANTO";11373
1375;33;"NAZARÉ BENCATEL";11374
1376;34;"NAZARÉ GRACIA";11375
1377;20;"NAZARÉ GUZMÁN";11376
1378;21;"NAZARÉ MURICI";11377
1379;22;"NELSON HILÁRIO";11378
1380;18;"NELSON INÁCIO";11379
1381;19;"NELSON MARANHÃO";11380
1382;20;"NELSON VIDAL";11381
1383;21;"NESTOR MADUREIRA";11382
1384;22;"NESTOR SALDANHA";11383
1385;23;"NEUZA AYRES";11384
1386;24;"NEUZA GUEDEZ";11385
1387;25;"NEUZA LANCASTRE";11386
1388;26;"NICANOR MIRANDELA";11387
1389;27;"NICOLAS ANTÚNEZ";11388
1390;28;"NICOLAS BATISTA";11389
1391;29;"NICOLAU CIRNE";11390
1392;30;"NICOLAU PAIVA";11391
1393;31;"NILZA PARRACHO";11392
1394;32;"NILZA SÁ";11393
1395;33;"NOEL CAMPELO";11394
1396;34;"NORBERTO GUERRA";11395
1397;18;"NORBERTO MOURATO";11396
1398;19;"NOÉ MOUTINHO";11397
1399;20;"NOÉMIA ALVIM";11398
1400;21;"NOÉMIA BELMONTE";11399
1401;22;"NOÉMIA FRAGA";11400
1402;23;"NOÉMIA FRANCA";11401
1403;24;"NOÉMIA PERDIGÓN";11402
1404;25;"NOÊMIA   BOGA";11403
1405;26;"NOÊMIA   FORTUNATO";11404
1406;27;"NUNO MARROQUIM";11405
1407;28;"NUNO MEDINA";11406
1408;29;"NUNO MILHEIRÃO";11407
1409;30;"NUNO OCHOA";11408
1410;31;"NUNO SESIMBRA";11409
1411;32;"ODETE CASTELLANO";11410
1412;33;"ODETE CAVALHEIRO";11411
1413;34;"ODETE COTEGIPE";11412
1414;18;"ODILIA SALGADO";11413
1415;19;"ODILIA VELOSO";11414
1416;20;"OLAVO FERNÁNDEZ";11415
1417;21;"OLAVO LUSTOSA";11416
1418;22;"OLAVO PACHECO";11417
1419;23;"OLGA BOGA";11418
1420;24;"OLGA CARTAXO";11419
1421;25;"OLIVEIRA CORDEIRO";11420
1422;26;"OLIVEIRA HOLANDA";11421
1423;27;"OLIVEIRA SACADURA";11422
1424;28;"OLÍVIA CAIRU";11423
1425;29;"OLÍVIA SOUSA DO PRADO";11424
1426;30;"OLÍVIO BELMONTE";11425
1427;31;"OLÍVIO VELÁZQUEZ";11426
1428;32;"ONDINA DURÁN";11427
1429;33;"ONDINA MORTÁGUA";11428
1430;34;"ORDONHO BARREIRO";11429
1431;61;"ORDONHO LAUREANO";11430
1432;62;"ORESTES QUINTERNO";11431
1433;63;"ORESTES SERRALHEIRO";11432
1434;64;"ORIANA NEGREIROS";11433
1435;64;"OSCAR   CASTEL-BRANCO";11434
1436;42;"OSCAR   DIEGUES";11435
1437;43;"OSCAR   MEIRA";11436
1438;44;"OSVALDO VARGAS";11437
1439;45;"OTÁVIO BUGALLO";11438
1440;46;"OTÁVIO CASCAES";11439
1441;47;"OTÁVIO CISNEIROS";11440
1442;48;"OTÁVIO GUEDES";11441
1443;49;"OTÍLIA COTRIM";11442
1444;50;"OTÍLIA PORCIÚNCULA";11443
1445;51;"PALMIRA CABRAL";11444
1446;52;"PALMIRA CASADO";11445
1447;53;"PALMIRA COUTINHO";11446
1448;29;"PALMIRA QUEIROZ";11447
1449;30;"PALMIRA VALÉRIO";11448
1450;31;"PALMIRO ZARCO";11449
1451;32;"PALO VELOSO";11450
1452;33;"PANDORA CABALLERO";11451
1453;34;"PANDORA CANHÃO";11452
1454;35;"PARAGUAÇU BARROCAS";11453
1455;36;"PARAGUAÇU CAMILLO";11454
1456;1;"PARAGUAÇU COELHO";11455
1457;2;"PARAGUAÇU MELGAÇO";11456
1458;3;"PASCOAL ASSIS";11457
1459;4;"PASCOAL COLLAÇO";11458
1460;5;"PASCOAL CURVELO";11459
1461;6;"PASCOAL FAUSTINO";11460
1462;7;"PATRÍCIA BEIRIZ";11461
1463;8;"PATRÍCIA CANDAL";11462
1464;9;"PATRÍCIA GUIMARÃES";11463
1465;10;"PATRÍCIA JIMÉNEZ";11464
1466;11;"PATRÍCIO BANDEIRA";11465
1467;12;"PAULA FRANCA";11466
1468;13;"PAULA MAINHA";11467
1469;14;"PAULA MAIOR";11468
1470;15;"PAULA QUINTERO";11469
1471;16;"PAULA SILVA";11470
1472;17;"PAULINA ALDEIA";11471
1473;18;"PAULINO AZEVEDO";11472
1474;19;"PAULINO FURQUIM";11473
1475;20;"PAULINO GRANGEIA";11474
1476;21;"PAULINO LEITE";11475
1477;22;"PAULINO SACADURA";11476
1478;23;"PAULO AIRES";11477
1479;24;"PEDRO AÇORES";11478
1480;25;"PEDRO BARRETTO";11479
1481;26;"PENÉLOPE MALTA";11480
1482;27;"PERI CANÁRIO";11481
1483;28;"PERI MATTOZO";11482
1484;29;"PIEDADE MONTERO";11483
1485;30;"PIEDADE NETO";11484
1486;31;"PLÁCIDO CAMELO";11485
1487;32;"PLÁCIDO GARCIA DE GONDIM";11486
1488;33;"PLÍNIO FREITAS";11487
1489;34;"PLÍNIO LANCASTRE";11488
1490;35;"PLÍNIO VALENTIM";11489
1491;36;"POLIANA CANIÇA";11490
1492;37;"POLIBE HIPÓLITO";11491
1493;38;"POLIBE MANSO";11492
1494;39;"POLIBE MARQUES";11493
1495;40;"POLÍBIO CASTEL-BRANCO";11494
1496;41;"POLÍBIO FONTOURA";11495
1497;42;"PORFÍRIO CARROMEU";11496
1498;43;"POTIRA BOGADO";11497
1499;44;"QUERUBINA BAPTISTA";11498
1500;45;"QUERUBINA GOULART";11499
1501;46;"QUERUBINA IMBASSAÍ";11500
1502;47;"QUERUBINA MAIA";11501
1503;48;"QUERUBINA RODRÍGUEZ";11502
1504;49;"QUINTILIEN ALVIM";11503
1505;50;"QUINTILIEN LEIRIA";11504
1506;51;"QUINTILIEN PAIVA";11505
1507;52;"QUINTINO DÍAZ";11506
1508;53;"QUINTINO FIESTAS";11507
1509;54;"QUINTINO GODOY";11508
1510;55;"QUINTINO HIDALGO";11509
1511;56;"QUINTINO MARIZ";11510
1512;57;"QUIRINA FILGUEIRAS";11511
1513;58;"QUIRINA FOQUIÇO";11512
1514;59;"QUIRINA LAGOS";11513
1515;60;"QUIRINA MANSO";11514
1516;61;"QUIRINO BOCAIÚVA";11515
1517;62;"QUIRINO COLARES";11516
1518;63;"QUITÉRIA CORDEIRO";11517
1519;64;"QUITÉRIA FIGUEIRA";11518
1520;64;"QUITÉRIO BUGALLO";11519
1521;42;"QUITÉRIO VIERA";11520
1522;43;"QUÉVIN ESTRELA";11521
1523;44;"QUÉVIN GRAVATO";11522
1524;45;"QUÉVIN IMPERIAL";11523
1525;46;"QUÉVIN LEIRIA";11524
1526;47;"QUÉVIN MALHEIROS";11525
1527;48;"QUÉVIN MATOSO";11526
1528;49;"QUÉVIN SOBREIRA";11527
1529;50;"RAFAEL BANDEIRA";11528
1530;51;"RAFAEL LAGOA";11529
1531;52;"RAFAEL LEÃO";11530
1532;53;"RAFAEL REGUEIRA";11531
1533;29;"RAFAELA CORTÊS";11532
1534;30;"RAIMUNDO GUERREIRO";11533
1535;31;"RAIMUNDO IPANEMA";11534
1536;32;"RAMIRO CAMINHA";11535
1537;33;"RAMÃO CASCAIS";11536
1538;34;"RAQUEL MAINHA";11537
1539;35;"RAQUEL MARRERO";11538
1540;36;"RAUL CASADO";11539
1541;1;"REBECA CASTELHANO";11540
1542;2;"REBECA MANGUEIRA";11541
1543;3;"REGINA ALBUQUERQUE";11542
1544;4;"REGINA BATISTA";11543
1545;5;"REGINA ROBALINHO";11544
1546;6;"REGINA VALÉRIO";11545
1547;7;"REINALDO CAIAPÓ";11546
1548;8;"REINALDO COELLO";11547
1549;9;"REINALDO FORTUNATO";11548
1550;10;"REINALDO RAMINHOS";11549
1551;11;"REMO JAGUARIBE";11550
1552;12;"RENAN SOSA";11551
1553;13;"RENAN UCHOA";11552
1554;14;"RENATA CAIADO";11553
1555;15;"RENATA IMPERIAL";11554
1556;16;"RENATA SARDINHA";11555
1557;17;"RENATO AGUIAR";11556
1558;18;"RENATO SANTIAGO";11557
1559;19;"RENATO SINTRA";11558
1560;20;"RICARDINA CAYADO";11559
1561;21;"RICARDO ANJOS";11560
1562;22;"RICARDO FRADE";11561
1563;18;"RICARDO PÓVOAS";11562
1564;19;"RITA BELÉN";11563
1565;20;"RITA DORNELLES";11564
1566;21;"RITA FELGUEIRA";11565
1567;22;"RITA MADUREIRA";11566
1568;23;"RITA MOURÃO";11567
1569;24;"RITA PELÁEZ";11568
1570;25;"RITA RIVERO";11569
1571;26;"RITA ULLOA";11570
1572;27;"ROBERTA PELÁEZ";11571
1573;28;"ROBERTA SANT'ANNA";11572
1574;29;"ROBERTO CASCAIS";11573
1575;30;"ROBERTO CAVADAS";11574
1576;31;"ROBERTO GABEIRA";11575
1577;32;"ROBERTO GAMEIRO";11576
1578;33;"ROBERTO PARDO";11577
1579;34;"ROBERTO PORTELLA";11578
1580;18;"RODOLFO SARMENTO";11579
1581;19;"RODRIGO ANLICOARA";11580
1582;20;"RODRIGO BRITO";11581
1583;21;"RODRIGO CONCEIÇÃO";11582
1584;22;"RODRIGO NEGRÃO";11583
1585;23;"RODRIGO VILAS BOAS";11584
1586;24;"ROGÉRIO BARROCAS";11585
1587;25;"ROGÉRIO BELCHIORINHO";11586
1588;26;"ROMANO AÇORES";11587
1589;27;"ROMANO GUSMÃO";11588
1590;28;"ROMANO MIEIRO";11589
1591;29;"ROMANO OURIQUE";11590
1592;30;"ROMANO VALIM";11591
1593;31;"RONALDO IMPERIAL";11592
1594;32;"ROQUE MACEDO";11593
1595;33;"ROQUITA ATAÍ";11594
1596;34;"ROQUITA BARATA";11595
1597;18;"ROQUITA VILLAS BOAS";11596
1598;19;"ROSA MONT'ALVERNE";11597
1599;20;"ROSA PORCIÚNCULA";11598
1600;21;"ROSALINA CAPANEMA";11599
1601;22;"ROSALINA FIGUEIROA";11600
1602;23;"ROSALINDA BOGA";11601
1603;24;"ROSALINDA CAMELO";11602
1604;25;"ROSALINDA PESEIRO";11603
1605;26;"ROSALINDA ROBALO";11604
1606;27;"ROSALINDA VIDIGAL";11605
1607;28;"ROSANA FIÃES";11606
1608;29;"ROSANA FRAGA";11607
1609;30;"ROSAURA ALENCAR";11608
1610;31;"ROSAURA BRIONES";11609
1611;32;"ROSAURA VILLAS BÔAS";11610
1612;33;"ROSELI CABRERA";11611
1613;34;"ROSELI MONSANTO";11612
1614;20;"ROSELI VILAVERDE";11613
1615;21;"RUCA ACUÑA";11614
1616;22;"RUCA AMARAL";11615
1617;18;"RUCA CAIRU";11616
1618;19;"RUCA FEITOSA";11617
1619;20;"RUDI BARATEIRO";11618
1620;21;"RUDI GOMIDE";11619
1621;22;"RUDÁ FARINHA";11620
1622;23;"RUDÁ LEIRIA";11621
1623;24;"RUDÁ SALES";11622
1624;25;"RUDÁ SIMAS";11623
1625;26;"RUFUS ALVES";11624
1626;27;"RUFUS COLAÇO";11625
1627;28;"RUFUS MORAIS";11626
1628;29;"RUFUS MOURA";11627
1629;30;"RUI CERVEIRA";11628
1630;31;"RUI COUTO";11629
1631;32;"RUI TOSCANO";11630
1632;33;"RUTE COLLARES";11631
1633;34;"RUTE GOMES";11632
1634;18;"RUTE VIVEROS";11633
1635;19;"RÓMULO FREIRE";11634
1636;20;"RÓMULO LUZ";11635
1637;21;"RÔMULO   CARVALHOSA";11636
1638;22;"RÔMULO   LÓPEZ";11637
1639;23;"RÚBEN FROES";11638
1640;24;"RÚBEN QUINTAS";11639
1641;25;"RÚBEN RIVERO";11640
1642;26;"SABINA LACERDA";11641
1643;27;"SABINA LEMOS";11642
1644;28;"SABINA NEIVA";11643
1645;29;"SABINO TAPEREBÁ";11644
1646;30;"SABINO VAREJÃO";11645
1647;31;"SABINO VIEYRA";11646
1648;32;"SABINO VILAS-BOAS";11647
1649;33;"SABRINA AZAMBUJA";11648
1650;34;"SABRINA FRÓIS";11649
1651;18;"SABRINA PAMPLONA";11650
1652;19;"SABRINA PARREIRA";11651
1653;20;"SALOMÃO CYRNE";11652
1654;21;"SALOMÃO GODINHO";11653
1655;22;"SALOMÃO TABAJARA";11654
1656;23;"SALOMÃO VILAS-BOAS";11655
1657;24;"SALVADOR CAMBEZES";11656
1658;25;"SALVINA UCHOA";11657
1659;26;"SAMUEL SABROSA";11658
1660;27;"SAMUEL ÁLVARES";11659
1661;28;"SANCHA PEÇANHA";11660
1662;29;"SANCHA TAPEREBÁ";11661
1663;30;"SANCHO BARROCAS";11662
1664;31;"SANCHO CHOUSA";11663
1665;32;"SANCHO PIMENTA";11664
1666;33;"SANCHO PROENÇA";11665
1667;34;"SANDOVAL MARAÑÓN";11666
1668;20;"SANDRA MAIOR";11667
1669;21;"SANDRA QUINZEIRO";11668
1670;22;"SANDRO CARREIRO";11669
1671;18;"SANDRO SALGADO";11670
1672;19;"SARA VALENTE";11671
1673;20;"SARA VARGAS";11672
1674;21;"SARITA AZEVEDO";11673
1675;22;"SARITA GOUVÊA";11674
1676;23;"SARITA MENEZES";11675
1677;24;"SARITA MURTINHO";11676
1678;25;"SARITA TORRADO";11677
1679;26;"SAUL BARROCAS";11678
1680;27;"SAUL BETANCOUR";11679
1681;28;"SAUL HOMEM";11680
1682;29;"SELMA EIRÓ";11681
1683;30;"SERAFIM NOITE";11682
1684;31;"SERAFIM VIDIGAL";11683
1685;32;"SERAFIM VILHENA";11684
1686;33;"SERAFINA GUIMARAES";11685
1687;34;"SEVERINO GARCEZ";11686
1688;18;"SIDÓNIO BAPTISTA";11687
1689;19;"SIDÓNIO GALANTE";11688
1690;20;"SIDÓNIO MADRUGA";11689
1691;21;"SIDÔNIO   QUINTERNO";11690
1692;22;"SIDÔNIO   REBOCHO";11691
1693;23;"SIDÔNIO   ULHOA";11692
1694;24;"SILVANA AREOSA";11693
1695;25;"SILVANA ARRUDA";11694
1696;26;"SILVANA BAIRROS";11695
1697;27;"SILVANA PEÑA";11696
1698;28;"SILVANO BOAVENTURA";11697
1699;29;"SILVÉRIO BESERRIL";11698
1700;30;"SILVÉRIO CANHÃO";11699
1701;31;"SILVÉRIO GIRÃO";11700
1702;32;"SILVÉRIO GRAÇA";11701
1703;33;"SILVÉRIO HOLANDA";11702
1704;34;"SILVÉRIO LINARES";11703
1705;18;"SILVÉRIO MATTOS";11704
1706;19;"SIMEÃO FARTARIA";11705
1707;20;"SIMEÃO LOUSADO";11706
1708;21;"SIMEÃO OITICICA";11707
1709;22;"SIMEÃO PIRES";11708
1710;23;"SIMEÃO RABELLO";11709
1711;24;"SIMONE GARCÉS";11710
1712;25;"SIMÃO CARVALHOSO";11711
1713;26;"SIMÃO COELHO";11712
1714;27;"SIMÃO DURÁN";11713
1715;28;"SIMÃO PIMIENTA";11714
1716;29;"SOCORRO ROSARIO";11715
1717;30;"SOCORRO SABROSA";11716
1718;31;"SOCORRO TEMES";11717
1719;32;"SOFIA BARBOSA";11718
1720;33;"SOFIA DELGADO";11719
1721;34;"SOFIA PAVÍA";11720
1722;61;"SOLANGE CAVADAS";11721
1723;62;"SOLANGE TABARES";11722
1724;63;"SOLANO CABRERA";11723
1725;64;"SOLANO GAMA";11724
1726;64;"SOLANO VALENTÍN";11725
1727;42;"SONÁS CURVELO";11726
1728;43;"SONÁS ORRIÇA";11727
1729;44;"SONÁS VILLÉGAS";11728
1730;45;"SORAIA ALMADA";11729
1731;46;"SORAIA BETTENCOURT";11730
1732;47;"SUNIÁRIO GUILHEIRO";11731
1733;48;"SUNIÁRIO VILA-CHÃ";11732
1734;49;"SÉRGIO RUA";11733
1735;50;"SÍLVIA PEÑA";11734
1736;51;"SÍLVIO LACERDA";11735
1737;52;"SÍLVIO PUENTES";11736
1738;53;"SÓNIA CAPUCHO";11737
1739;29;"SÓNIA CARMONA";11738
1740;30;"SÓNIA GOUVÊA";11739
1741;31;"SÔNIA OU SONIA   SOUTO";11740
1742;32;"SÔNIA OU SONIA   TOLEDO";11741
1743;33;"TABALIPA GOULART";11742
1744;34;"TABALIPA JÁCOME";11743
1745;35;"TABALIPA PAULA";11744
1746;36;"TADEU FERNANDES";11745
1747;1;"TADEU FERRÓN";11746
1748;2;"TAINÁ MESQUITA";11747
1749;3;"TAINÁ MOURÃO";11748
1750;4;"TAIRINE RAMINHOS";11749
1751;5;"TALITA GARCIA";11750
1752;6;"TARRATACA SACRAMENTO";11751
1753;7;"TARRATACA VILLENA";11752
1754;8;"TATIANA TORCATO";11753
1755;9;"TAÍSSA GONZÁLEZ";11754
1756;10;"TELMA CARVALHOSA";11755
1757;11;"TELMA GARCIA";11756
1758;12;"TELMA GOES";11757
1759;13;"TELMA MARTINHO";11758
1760;14;"TELMO CABEÇA DE VACA";11759
1761;15;"TELO CAMPELO";11760
1762;16;"TELO PRADO";11761
1763;17;"TELO REYES";11762
1764;18;"TEODORA CANÁRIO";11763
1765;19;"TEODORICO ANTUNES";11764
1766;20;"TEODORICO BICUDO";11765
1767;21;"TEODORICO DOMINGUES";11766
1768;22;"TEODORICO DUARTE";11767
1769;23;"TEODORICO SÁNCHEZ";11768
1770;24;"TEODORO BENTES";11769
1771;25;"TEODORO CALDERA";11770
1772;26;"TEODORO GODINHO";11771
1773;27;"TEODORO PACHECO";11772
1774;28;"TEODORO PÉREZ";11773
1775;29;"TERESA CAVALHEIRO";11774
1776;30;"TIAGO DOURADO";11775
1777;31;"TIAGO FREIRIA";11776
1778;32;"TIAGO QUINTAIS";11777
1779;33;"TIBÚRCIO FRADE";11778
1780;34;"TIBÚRCIO VIVEROS";11779
1781;35;"TIMÓTEO PEGADO";11780
1782;36;"TIMÓTEO SANTOS";11781
1783;37;"TOBIAS BARRETTO";11782
1784;38;"TOBIAS GUARACIABA";11783
1785;39;"TOBIAS PASSOS";11784
1786;40;"TOBIAS PAVÍA";11785
1787;41;"TOBIAS VELEDA";11786
1788;42;"TOMÁSIA VALADÃO";11787
1789;43;"TOMÉ BARREIRO";11788
1790;44;"TOMÉ CARRILHO";11789
1791;45;"TOMÉ TAVARES";11790
1792;46;"TRAJANO BELÉN";11791
1793;47;"TRAJANO GIRÃ";11792
1794;48;"TRAJANO GIRÃ";11793
1795;49;"TRAJANO PINHAL";11794
1796;50;"TRAJANO PINHAL";11795
1797;51;"TRAJANO PÉREZ";11796
1798;52;"TRAJANO TAPEREBÁ";11797
1799;53;"TRISTÃO BRANDÃO";11798
1800;54;"TRISTÃO OLEIRO";11799
1801;55;"TÁLIA CANDAL";11800
1802;56;"TÂNIA FIGUEIRÓ";11801
1803;57;"TÂNIA GRANDE";11802
1804;58;"UBAJARA CAMARINHO";11803
1805;59;"UBAJARA QUINTAS";11804
1806;60;"UBALDO PELÁEZ";11805
1807;61;"UBALDO REIS";11806
1808;62;"UBIRAJARA HOLANDA";11807
1809;63;"UBIRAJARA QUINTANILHA";11808
1810;64;"UBIRAJARA VILA-CHÃ";11809
1811;64;"UBIRATÃ ABRANTES";11810
1812;42;"UBIRATÃ AMORÍN";11811
1813;43;"UBIRATÃ LARANGEIRA";11812
1814;44;"UBIRATÃ MONTE";11813
1815;45;"UDO CASTELO";11814
1816;46;"ULISSES PÉREZ";11815
1817;47;"ULRICO FERRAÇO";11816
1818;48;"ULRICO NOVAIS";11817
1819;49;"ULRICO PIMENTEL";11818
1820;50;"ULRICO SERRALHEIRO";11819
1821;51;"UMBELINA BELÉN";11820
1822;52;"UMBELINA VELEDA";11821
1823;53;"URBANO FROES";11822
1824;29;"URÂNIA CANEIRA";11823
1825;30;"URÂNIA FESTAS";11824
1826;31;"URÂNIA TABALIPA";11825
1827;32;"VALDECI ALCOFORADO";11826
1828;33;"VALDECI LINS";11827
1829;34;"VALDECI XIMENES";11828
1830;35;"VALDEMAR FRÓIS";11829
1831;36;"VALDEMAR NUNES";11830
1832;1;"VALDEMAR SALES";11831
1833;2;"VALENTIM CISNEIROS";11832
1834;3;"VALENTIM DORNELES";11833
1835;4;"VALENTIM FREIRIA";11834
1836;5;"VALENTIM JORDÁN";11835
1837;6;"VALENTIM NETO";11836
1838;7;"VALENTIM PATRÍCIO";11837
1839;8;"VALENTINA CASTELÃO";11838
1840;9;"VALENTINA CHÁVEZ";11839
1841;10;"VALENTINA SANTANA";11840
1842;11;"VALMOR CARQUEIJEIRO";11841
1843;12;"VALMOR MACEDO";11842
1844;13;"VALMOR SETÚBAL";11843
1845;14;"VALÉRIA ALANCASTRE";11844
1846;15;"VALÉRIO BOGA";11845
1847;16;"VALÉRIO FUENTES";11846
1848;17;"VALÉRIO MARAÑÓN";11847
1849;18;"VANDERLEI CARVAJAL";11848
1850;19;"VANDERLEI PARI";11849
1851;20;"VANDERLEI PRADA";11850
1852;21;"VANDERLEI VELASQUES";11851
1853;22;"VANESSA GRANDE";11852
1854;18;"VANESSA PIRAGIBE";11853
1855;19;"VASCO QUINTANA";11854
1856;20;"VERIDIANA BORGES";11855
1857;21;"VERIDIANA PESSOA";11856
1858;22;"VERIDIANO GRANJA";11857
1859;23;"VERIDIANO PADILHA";11858
1860;24;"VERÓNICA LEÓN";11859
1861;25;"VERÔNICA   ALCÂNTARA";11860
1862;26;"VERÔNICA   LAGOA";11861
1863;27;"VICENTE ESTEVES";11862
1864;28;"VICENTE MASCARENHAS";11863
1865;29;"VICENTE PASSOS";11864
1866;30;"VIOLETA AMARAL";11865
1867;31;"VIOLETA FIGUEROA";11866
1868;32;"VIRGÍLIA ALCÂNTARA";11867
1869;33;"VIRGÍLIA ALENCAR";11868
1870;34;"VIRGÍLIA CABREIRA";11869
1871;18;"VIRGÍLIA GALINDO";11870
1872;19;"VIRGÍLIA GARCÉS";11871
1873;20;"VIRGÍLIA LAGES";11872
1874;21;"VIRGÍLIA PASTANA";11873
1875;22;"VIRGÍLIA RODRÍGUEZ";11874
1876;23;"VIRGÍLIO GIRÃ";11875
1877;24;"VIRGÍLIO QUADROS";11876
1878;25;"VIRGÍNIA AMADO";11877
1879;26;"VIRGÍNIA BARCELLOS";11878
1880;27;"VIRIATO CAMINHA";11879
1881;28;"VIRIATO CASTANHEIRA";11880
1882;29;"VIRIATO CASTANHO";11881
1883;30;"VIRIATO MONJARDIM";11882
1884;31;"VIRIDIANA AMARANTE";11883
1885;32;"VIRIDIANO MANGUEIRA";11884
1886;33;"VIRIDIANO QUINTAL";11885
1887;34;"VITÓRIA CANDEIAS";11886
1888;18;"VITÓRIA PAVÍA";11887
1889;19;"VIVALDO CARRILHO";11888
1890;20;"VIVIANA FORTUNATO";11889
1891;21;"VIVIANA TOSCANO";11890
1892;22;"VLADEMIRO CABEZA DE VACA";11891
1893;23;"VLADEMIRO CARDOZO";11892
1894;24;"VLADEMIRO FOQUIÇO";11893
1895;25;"VLADEMIRO QUINTELA";11894
1896;26;"VLADEMIRO ZAMBUJAL";11895
1897;27;"VÍTOR OU VICTOR CARRASQUEIRA";11896
1898;28;"VÍTOR OU VICTOR PEQUENO";11897
1899;29;"VÍTOR OU VICTOR QUINTANA";11898
1900;30;"XAVIER CORDERO";11899
1901;31;"XERXES ESTRADA";11900
1902;32;"XERXES QUINTANILHA";11901
1903;33;"XERXES RUAS";11902
1904;34;"XERXES TORRES";11903
1905;20;"XICO BORBA";11904
1906;21;"XICO NEGROMONTE";11905
1907;22;"XICO PIRAJÁ";11906
1908;18;"XIMENA BECERRA";11907
1909;19;"XIMENA BENCATEL";11908
1910;20;"XIMENA PAIACÃ";11909
1911;21;"XIMENO AZEREDO";11910
1912;22;"XIMENO CEZAR";11911
1913;23;"XIMENO FERRÓN";11912
1914;24;"XIMENO MONSANTO";11913
1915;25;"XIMENO RIVERO";11914
1916;26;"XISTO DAMASCENO";11915
1917;27;"XÉNIA COVELHÃ";11916
1918;28;"XÉNIA VILHENA";11917
1919;29;"XÊNIA   COTRIM";11918
1920;30;"XÊNIA   PIRES";11919
1921;31;"XÊNIA   TELLES";11920
1922;32;"ZACARIAS DANTAS";11921
1923;33;"ZACARIAS REIS";11922
1924;34;"ZARA BRASIL";11923
1925;18;"ZARA NORONHA";11924
1926;19;"ZARA PESTANA";11925
1927;20;"ZARA TORRADO";11926
1928;21;"ZEFERINO GAGO";11927
1929;22;"ZEFERINO MACHADO";11928
1930;23;"ZENAIDE LAGOS";11929
1931;24;"ZENAIDE MOUTINHO";11930
1932;25;"ZENAIDE NAVES";11931
1933;26;"ZILDA CANHÃO";11932
1934;27;"ZILDA FILIPE";11933
1935;28;"ZILDA GUERREIRO";11934
1936;29;"ZILDA INÁCIO";11935
1937;30;"ZILDA MENESES";11936
1938;31;"ZITA QUINTANILLA";11937
1939;32;"ZITA SOUZA";11938
1940;33;"ZITA TORRES";11939
1941;34;"ZITA VALERIO";11940
1942;18;"ZOE SÁNCHEZ";11941
1943;19;"ZOE TÉLLEZ";11942
1944;20;"ZORAIDE ALCÂNTARA";11943
1945;21;"ZORAIDE ALVES";11944
1946;22;"ZORAIDE LOBO";11945
1947;23;"ZORAIDE TRINDADE";11946
1948;24;"ZUBAIDA CANTANHEDE";11947
1949;25;"ZUBAIDA ZAMBUJAL";11948
1950;26;"ZULEICA BETANCOUR";11949
1951;27;"ZULEIDE CANHÃO";11950
1952;28;"ZULEIDE PARAGUAÇU";11951
1953;29;"ZULEIDE PAZ";11952
1954;30;"ZULMIRA GUEDELLA";11953
1955;31;"ZURIEL GENTIL";11954
1956;32;"ZURIEL GIRÃ";11955
1957;33;"ZURIEL MONTE";11956
1958;34;"ZURIEL SINTRA";11957
1959;20;"ZÉLIA RICO";11958
1960;21;"ZÉLIA VASQUES";11959
1961;22;"ZÓZIMO PATRÍCIO";11960
1962;18;"ZÓZIMO SIEBRA";11961
1963;19;"ÁGATA LEAL";11962
1964;20;"ÁLVARO CARVALHAL";11963
1965;21;"ÁLVARO FREYRE";11964
1966;22;"ÁLVARO GIMÉNEZ";11965
1967;23;"ÁLVARO JÁCOME";11966
1968;24;"ÁLVARO TORCATO";11967
1969;25;"ÁTILA CARBALLO";11968
1970;26;"ÁTILA VARELA";11969
1971;27;"ÂNGELA CABEÇA DE VACA";11970
1972;28;"ÂNGELA GAGO";11971
1973;29;"ÂNGELA GODOI";11972
1974;30;"ÂNGELA MARQUES";11973
1975;31;"ÂNGELO RIJO";11974
1976;32;"ÉLVIO ABRANCHES";11975
1977;33;"ÉLVIO GINJEIRA";11976
1978;34;"ÉLVIO GUERRERO";11977
1979;18;"ÉLVIO NEVES";11978
1980;19;"ÉLVIO SIMÕES";11979
1981;20;"ÉNIA TEVES";11980
1982;21;"ÉNIA VASCONCELOS";11981
1983;22;"ÉRICA FEITOSA";11982
1984;23;"ÉRICA PIMENTA";11983
1985;24;"ÉRICA UCHOA";11984
1986;25;"ÉRICO CÉSAR";11985
1987;26;"ÉRICO VÁZQUEZ";11986
1988;27;"ÍRIS GÓIS";11987
1989;28;"ÍRIS LEIRIA";11988
1990;29;"ÍRIS RORIZ";11989
1991;30;"ÍTALA BOGADO";11990
1992;31;"ÍTALA COVILHÃ";11991
1993;32;"ÍTALA GOULART";11992
1994;33;"ÓSCAR FRANCA";11993
1995;34;"ÓSCAR MIGUEL";11994
1996;18;"ÚRSULA CANDEIAS";11995
1997;19;"ÚRSULA CIPRIANO";11996
1998;20;"ÚRSULA CORTEZ";11997
1999;21;"ÚRSULA MUÑIZ";11998
